시도,지점명,위도,경도,발생건수,사상자수,사망자수,중상자수,경상자수
서울특별시,서울특별시 종로구 세종로(광화문 인근),37.575605345162,126.975633977925,38,59,0,12,44
서울특별시,서울특별시 종로구 창신동(흥인지문 인근),37.570663181112,127.009387346448,34,45,0,5,36
서울특별시,서울특별시 종로구 명륜2가(혜화동로터리 인근),37.585303988439,127.000978593586,31,48,0,7,35
서울특별시,서울특별시 중구 봉래동2가(서울역 인근),37.556130169224,126.972638285827,46,58,0,8,44
서울특별시,서울특별시 중구 신당동(약수역앞교차로 인근),37.554822323843,127.010649407343,30,39,1,7,30
서울특별시,서울특별시 중구 명동2가(충무로1가5241 인근),37.560909720559,126.981668626705,30,39,0,2,35
서울특별시,서울특별시 용산구 한남동(순천향병원 인근),37.533242156053,127.006379853447,38,58,0,11,45
서울특별시,서울특별시 용산구 용산동5가(전자상가입구교차로 인근),37.529571129756,126.968247147187,30,38,0,7,29
서울특별시,서울특별시 용산구 이촌동(한강대교북단교차로 인근),37.522399235189,126.961820271687,26,36,0,5,31
서울특별시,서울특별시 성동구 성수동1가(성수대교 인근),37.544236164819,127.035505871898,37,60,0,4,52
서울특별시,서울특별시 성동구 성수동1가(신스기모 인근),37.551971708579,127.045349961631,31,41,1,9,31
서울특별시,서울특별시 성동구 행당동(도선사거리 인근),37.566130062904,127.035790423688,23,37,0,9,27
서울특별시,서울특별시 광진구 화양동(건대입구역앞교차로 인근),37.539920526064,127.070632480004,33,43,0,12,31
서울특별시,서울특별시 광진구 군자동(삼원빌딩 인근),37.557457112607,127.078712038729,21,26,1,5,19
서울특별시,서울특별시 광진구 군자동(군자교앞 인근),37.558769363767,127.073534220827,20,34,0,5,24
서울특별시,서울특별시 동대문구 전농동(경동시장앞교차로 인근),37.578177746157,127.0383275182,43,51,0,8,38
서울특별시,서울특별시 동대문구 전농동(우리은행청량리중앙지 인근),37.578963423574,127.041305275117,35,45,0,7,35
서울특별시,서울특별시 동대문구 장안동(장안동46914 인근),37.571717840357,127.071374681496,32,37,0,4,31
서울특별시,서울특별시 중랑구 망우동(한일써너스빌리젠시2 인근),37.597810843946,127.093890088456,45,62,0,10,49
서울특별시,서울특별시 중랑구 중화동(중랑교앞 인근),37.592795919347,127.071660711772,34,50,0,10,39
서울특별시,서울특별시 중랑구 신내동(망우사거리 인근),37.599881334207,127.100445536432,31,40,0,7,29
서울특별시,서울특별시 성북구 하월곡동(길음역 인근),37.602971748298,127.024844016937,54,71,0,8,59
서울특별시,서울특별시 성북구 하월곡동(종암사거리 인근),37.603379793194,127.03220527815,40,50,0,13,35
서울특별시,서울특별시 성북구 길음동(실과바늘 인근),37.593357819359,127.016358681407,32,45,0,9,36
서울특별시,서울특별시 강북구 수유동(수유역앞교차로 인근),37.637982653227,127.025611756476,59,67,0,9,53
서울특별시,서울특별시 강북구 수유동(강북구청사거리 인근),37.639632540459,127.02739197346,51,56,0,10,43
서울특별시,서울특별시 강북구 수유동(렛츠런CCC강북지점 인근),37.635284635827,127.023234096475,39,51,0,9,37
서울특별시,서울특별시 도봉구 창동(도봉보건소교차로 인근),37.656711836132,127.039515656621,21,27,0,6,19
서울특별시,서울특별시 도봉구 창동(정의여중고교입구교차 인근),37.651364800894,127.036335296836,19,36,0,3,28
서울특별시,서울특별시 도봉구 창동(방학사거리 인근),37.662821589994,127.042466265705,19,34,0,7,24
서울특별시,서울특별시 노원구 공릉동(태릉입구 인근),37.61715370443,127.074169905716,43,70,0,8,59
서울특별시,서울특별시 노원구 상계동(노원역3번출구 인근),37.654800486303,127.060545832323,36,51,0,11,35
서울특별시,서울특별시 노원구 공릉동(북부지청앞 인근),37.618224365313,127.077278680366,33,46,0,8,33
서울특별시,서울특별시 은평구 대조동(연신내진원와이타운 인근),37.618825502745,126.920274210185,34,46,0,8,36
서울특별시,서울특별시 은평구 역촌동(구산역앞교차로 인근),37.611260600847,126.917259446165,24,30,0,2,26
서울특별시,서울특별시 은평구 응암동(연흥초등학교 인근),37.589205998409,126.918339568815,23,31,1,12,13
서울특별시,서울특별시 서대문구 홍은동(유진상가 인근),37.590931991669,126.94188882291,27,30,0,3,23
서울특별시,서울특별시 서대문구 남가좌동(경찰서 인근),37.568821970309,126.918333230393,26,35,0,5,26
서울특별시,서울특별시 서대문구 홍은동(서대문구청앞 인근),37.581531171477,126.935808346477,21,30,0,7,22
서울특별시,서울특별시 마포구 동교동(홍대입구역앞교차로 인근),37.55521480687,126.921554241334,36,55,0,6,43
서울특별시,서울특별시 마포구 합정동(합정역6번출구 인근),37.54887861181,126.914052486232,29,44,0,3,41
서울특별시,서울특별시 마포구 도화동(진도빌딩 인근),37.539995210263,126.947510419369,25,34,2,7,22
서울특별시,서울특별시 양천구 신월동(강월초교입구교차로 인근),37.517065827379,126.83942430029,31,50,0,13,36
서울특별시,서울특별시 양천구 목동(목동역앞교차로 인근),37.526172485624,126.864335744897,31,45,0,8,34
서울특별시,서울특별시 양천구 신월동(신월사거리 인근),37.535892645182,126.82834322276,30,38,0,5,32
서울특별시,서울특별시 강서구 내발산동(발산역앞교차로 인근),37.558575073333,126.838235591698,37,48,0,6,37
서울특별시,서울특별시 강서구 화곡동(화곡사거리 인근),37.530612772214,126.847422927225,33,42,0,3,37
서울특별시,서울특별시 강서구 화곡동(우장공원입구교차로 인근),37.553116746992,126.850770435006,27,35,1,3,27
서울특별시,서울특별시 구로구 가리봉동(대성석유 인근),37.479779287837,126.88884284532,35,48,1,4,37
서울특별시,서울특별시 구로구 구로동(구로IC 인근),37.486675964677,126.877941574643,30,55,2,1,48
서울특별시,서울특별시 구로구 오류동(시티월드앞교차로 인근),37.494411251231,126.840100285598,27,32,0,8,23
서울특별시,서울특별시 금천구 시흥동(시흥사거리 인근),37.454766681191,126.900534259447,33,41,1,10,27
서울특별시,서울특별시 금천구 가산동(수출의다리고가차도 인근),37.476109532283,126.881749804209,24,39,0,2,36
서울특별시,서울특별시 금천구 독산동(독산4동사거리 인근),37.466492382871,126.901708940414,23,27,0,5,21
서울특별시,서울특별시 영등포구 영등포동3가(영등포로터리 인근),37.518767713412,126.913524468178,61,80,0,11,63
서울특별시,서울특별시 영등포구 양평동4가(양평동사거리 인근),37.535956689502,126.897802482397,43,52,0,4,45
서울특별시,서울특별시 영등포구 양평동(경인고속입구교차로 인근),37.529796382949,126.892949755026,40,63,0,8,51
서울특별시,서울특별시 동작구 동작동(국립현충원 인근),37.504309217549,126.976410402217,40,71,1,9,57
서울특별시,서울특별시 동작구 본동(한강대교남단교차로 인근),37.513621053422,126.956098060876,35,46,0,8,36
서울특별시,서울특별시 동작구 사당동(상도역앞교차로 인근),37.503189790929,126.947676367669,35,42,0,6,31
서울특별시,서울특별시 관악구 신림동(SK허브그린 인근),37.484926410079,126.929615421513,57,74,0,10,59
서울특별시,서울특별시 관악구 봉천동(서울대입구역앞교차로 인근),37.481266308746,126.952735419303,44,62,0,9,53
서울특별시,서울특별시 관악구 신림동(신림교 인근),37.481927146774,126.929043225163,28,32,0,9,18
서울특별시,서울특별시 서초구 반포동(서울성모병원앞교차로 인근),37.502143861403,127.003444992392,43,56,0,6,48
서울특별시,서울특별시 서초구 반포동(고속터미널사거리 인근),37.505005400731,127.001086385427,39,57,0,11,43
서울특별시,서울특별시 서초구 양재동(트럭터미널앞교차로 인근),37.461626314956,127.037257531809,35,62,0,2,54
서울특별시,서울특별시 강남구 도곡동(르네상스호텔교차로 인근),37.502873387849,127.043646462214,51,66,0,11,52
서울특별시,서울특별시 강남구 논현동(신논현역 인근),37.504760190683,127.025289258691,48,62,1,2,57
서울특별시,서울특별시 강남구 논현동(차병원사거리 인근),37.507329308254,127.033889484411,44,64,0,8,56
서울특별시,서울특별시 송파구 신천동(잠실역사거리 인근),37.513283058519,127.100189194575,50,97,0,13,78
서울특별시,서울특별시 송파구 방이동(KT앞삼거리 인근),37.514139659171,127.107245779868,36,44,0,6,34
서울특별시,서울특별시 송파구 장지동(복정역앞교차로 인근),37.470868879649,127.126723456821,34,45,0,3,39
서울특별시,서울특별시 강동구 천호동(천호사거리 인근),37.539069774602,127.123624272541,33,50,1,5,42
서울특별시,서울특별시 강동구 성내동(길동사거리 인근),37.533955263577,127.138574979951,30,40,0,9,30
서울특별시,서울특별시 강동구 성내동(둔촌사거리 인근),37.522113538561,127.134111217458,19,31,0,8,23
부산광역시,부산광역시 중구 남포동6가(남포사거리 인근),35.097747087064,129.028214607248,31,36,0,15,19
부산광역시,부산광역시 중구 남포동1가(옛시청교차로 인근),35.098600555377,129.035797232987,31,46,0,5,38
부산광역시,부산광역시 중구 중앙동5가(부산우체국앞교차로 인근),35.102940399385,129.036402263585,23,31,0,8,22
부산광역시,부산광역시 서구 충무동1가(충무교차로 인근),35.096453774727,129.024428607124,24,26,0,8,17
부산광역시,부산광역시 서구 서대신동2가(한국외식업중앙회부산 인근),35.109551805876,129.016448451363,23,28,0,4,23
부산광역시,부산광역시 서구 서대신동3가(구덕사거리 인근),35.115870242023,129.017464857046,23,37,0,6,28
부산광역시,부산광역시 동구 초량동(초량교차로 인근),35.119287462551,129.041959513552,29,40,1,7,32
부산광역시,부산광역시 동구 초량동(부산역부산1호선 인근),35.114723096499,129.039391251237,27,31,1,8,19
부산광역시,부산광역시 동구 범일동(범일교차로 인근),35.137103681594,129.063532700808,22,33,0,6,27
부산광역시,부산광역시 영도구 봉래동1가(대교동교차로 인근),35.092647087498,129.038332451513,21,29,0,5,23
부산광역시,부산광역시 영도구 봉래동4가(봉래교차로 인근),35.092996336517,129.044832481466,18,20,0,4,16
부산광역시,부산광역시 영도구 봉래동3가(소방서앞사거리 인근),35.090759868279,129.043576013454,12,18,0,2,16
부산광역시,부산광역시 부산진구 부전동(서면역9번출구 인근),35.157738117824,129.057775170921,51,68,0,12,51
부산광역시,부산광역시 부산진구 부전동(서면특화거리 인근),35.154480719414,129.059879652858,46,52,0,5,44
부산광역시,부산광역시 부산진구 범천동(범내골교차로 인근),35.147307680909,129.059221169256,36,60,0,5,51
부산광역시,부산광역시 동래구 온천동(동래역부산1호선 인근),35.205328480528,129.07879898842,30,37,0,4,31
부산광역시,부산광역시 동래구 온천동(미남교차로 인근),35.20791108703,129.069730920082,27,37,0,9,27
부산광역시,부산광역시 동래구 낙민동(하울목교회 인근),35.19556430635,129.108313669582,26,35,0,4,26
부산광역시,부산광역시 남구 대연동(대연사거리 인근),35.135124493205,129.091888513783,31,40,0,10,30
부산광역시,부산광역시 남구 대연동(용소삼거리 인근),35.137340429921,129.099901263672,28,39,0,10,25
부산광역시,부산광역시 남구 문현동(문현교차로 인근),35.136893024398,129.068041200976,25,29,0,6,22
부산광역시,부산광역시 북구 덕천동(만덕역2번출구 인근),35.21287261798,129.037662607674,24,37,0,9,26
부산광역시,부산광역시 북구 덕천동(숙등교차로 인근),35.211406993741,129.01068860842,22,24,0,6,18
부산광역시,부산광역시 북구 화명동(와석교차로 인근),35.234652475734,129.013787773815,18,25,0,4,21
부산광역시,부산광역시 해운대구 우동(우동항삼거리 인근),35.162751649372,129.134519075841,19,27,0,3,19
부산광역시,부산광역시 해운대구 우동(센텀시티교차로 인근),35.167227743369,129.129090888479,18,27,0,4,21
부산광역시,부산광역시 해운대구 우동(올림픽교차로 인근),35.168930930721,129.138928670369,17,28,0,7,15
부산광역시,부산광역시 사하구 하단동(하단교차로 인근),35.106146274736,128.968428076018,42,56,0,10,43
부산광역시,부산광역시 사하구 구평동(구평고개사거리 인근),35.084953399086,128.982185669957,21,24,0,2,22
부산광역시,부산광역시 사하구 괴정동(괴정사거리 인근),35.10013552544,128.993199170631,19,29,0,6,19
부산광역시,부산광역시 금정구 부곡동(스타벅스금정구청DT점 인근),35.239389713067,129.092556326053,25,48,0,6,42
부산광역시,부산광역시 금정구 서동(넘버25호텔서동점 인근),35.21504405624,129.107146639147,25,30,0,10,17
부산광역시,부산광역시 금정구 장전동(부산대학교앞교차로 인근),35.231187837551,129.086524858174,22,25,0,3,21
부산광역시,부산광역시 강서구 명지동(명지주거단지입구교차 인근),35.089050086198,128.90358857527,19,26,2,9,14
부산광역시,부산광역시 강서구 신호동(신호동269 인근),35.088581798417,128.882467630094,12,16,0,8,8
부산광역시,부산광역시 강서구 녹산동(명지IC 인근),35.111710712085,128.932137669638,11,14,0,3,11
부산광역시,부산광역시 연제구 연산동(연산교차로 인근),35.186058837448,129.081623857892,55,89,0,20,64
부산광역시,부산광역시 연제구 연산동(에이스커피 인근),35.181854493393,129.078268982864,26,32,0,7,21
부산광역시,부산광역시 연제구 연산동(과정삼거리 인근),35.192089211751,129.089432700897,26,37,0,4,28
부산광역시,부산광역시 수영구 광안동(수영교차로 인근),35.167364274845,129.115193296176,35,47,0,7,39
부산광역시,부산광역시 수영구 남천동(도시가스앞오거리 인근),35.135905243237,129.111079669433,28,36,0,5,27
부산광역시,부산광역시 수영구 광안동(광안사거리 인근),35.161960993309,129.114037357081,27,41,0,7,31
부산광역시,부산광역시 사상구 괘법동(사상교차로 인근),35.162082180552,128.984698513351,16,18,0,5,13
부산광역시,부산광역시 사상구 학장동(사상구청교차로 인근),35.149544399159,128.98950185805,15,21,0,1,20
부산광역시,부산광역시 사상구 주례동(카페베네부산주례점 인근),35.150756430769,129.005950576086,15,17,0,4,12
부산광역시,부산광역시 기장군 기장읍(대라리3714 인근),35.242383361904,129.216641991398,12,13,0,3,9
부산광역시,부산광역시 기장군 기장읍(교리우편취급소 인근),35.251014150184,129.217052795414,11,18,1,2,15
부산광역시,부산광역시 기장군 기장읍(수협은행기장지점 인근),35.24513083662,129.216743857607,11,12,0,5,5
대구광역시,대구광역시 중구 교동(히로미찌찜닭 인근),35.866964223509,128.599884030029,60,76,0,11,54
대구광역시,대구광역시 중구 봉산동(봉산동1271 인근),35.86459251702,128.598169446468,29,49,0,5,31
대구광역시,대구광역시 중구 동성로2가(성내1동주민센터 인근),35.868615550556,128.598128073157,27,30,0,3,24
대구광역시,대구광역시 동구 신암동(공고네거리 인근),35.881155993943,128.614094013533,30,43,0,4,38
대구광역시,대구광역시 동구 효목동(큰고개오거리 인근),35.885616993718,128.632979012977,25,39,0,5,32
대구광역시,대구광역시 동구 신천동(동대구역네거리 인근),35.876615994122,128.626093012888,25,42,0,3,36
대구광역시,대구광역시 서구 내당동(두류네거리 인근),35.857901994471,128.557451013058,36,62,1,5,54
대구광역시,대구광역시 서구 비산동(비산네거리 인근),35.872244994,128.571146013283,28,43,0,6,36
대구광역시,대구광역시 서구 원대동3가(원대네거리2 인근),35.884137349947,128.573163860828,21,29,0,2,23
대구광역시,대구광역시 남구 대명동(앞산네거리 인근),35.840193994447,128.579917013065,21,26,1,6,17
대구광역시,대구광역시 남구 봉덕동(남구청네거리 인근),35.844877993714,128.598317013525,19,30,0,4,24
대구광역시,대구광역시 남구 대명동(안지랑네거리 인근),35.838842994198,128.576962012592,18,32,0,3,26
대구광역시,대구광역시 북구 복현동(복현고가차도 인근),35.896747993513,128.616080013388,41,53,1,10,36
대구광역시,대구광역시 북구 산격동(경대교 인근),35.886329994222,128.601966013626,30,51,0,9,40
대구광역시,대구광역시 북구 태전동(칠곡IC네거리 인근),35.934025993992,128.540625013238,26,41,0,4,36
대구광역시,대구광역시 수성구 지산동(황금네거리 인근),35.839817993295,128.62387401398,41,59,0,11,42
대구광역시,대구광역시 수성구 중동(수성구청역교차로 인근),35.858841993752,128.635763013658,36,52,0,7,43
대구광역시,대구광역시 수성구 만촌동(만촌네거리 인근),35.858921994743,128.646023013757,34,44,0,3,39
대구광역시,대구광역시 달서구 감삼동(용산네거리 인근),35.849468994088,128.530710012861,34,46,0,11,32
대구광역시,대구광역시 달서구 감삼동(죽전네거리 인근),35.850184993832,128.537237014381,34,60,1,9,49
대구광역시,대구광역시 달서구 송현동(성당네거리 인근),35.837653994226,128.557545012897,28,39,2,3,31
대구광역시,대구광역시 달성군 다사읍(대실역대구2호선 인근),35.857459584681,128.464921494435,18,25,0,7,18
대구광역시,대구광역시 달성군 다사읍(다사중고등학교교차로 인근),35.860319182374,128.462532252965,16,18,0,4,11
대구광역시,대구광역시 달성군 유가읍(봉리619 인근),35.69298640769,128.460835969708,16,24,0,1,22
인천광역시,인천광역시 중구 선화동(신흥사거리 인근),37.46657230742,126.634883605692,15,21,1,4,12
인천광역시,인천광역시 중구 신흥동3가(인천항사거리 인근),37.458203182285,126.630240917682,9,12,1,0,11
인천광역시,인천광역시 중구 운서동(삼목1사거리 인근),37.493206933106,126.479865104787,8,11,0,1,10
인천광역시,인천광역시 동구 송현동(송현삼거리 인근),37.476735995523,126.633249854995,11,12,0,3,9
인천광역시,인천광역시 동구 송림동(송림오거리 인근),37.475913213877,126.644632011156,10,12,0,3,8
인천광역시,인천광역시 동구 송림동(산업용품센터사거리 인근),37.48269780821,126.65888898064,8,11,0,2,9
인천광역시,인천광역시 미추홀구 주안동(석바위사거리 인근),37.457871683185,126.689443511907,34,44,0,2,35
인천광역시,인천광역시 미추홀구 도화동(도화초교사거리 인근),37.46378846412,126.669276167359,25,32,0,4,27
인천광역시,인천광역시 미추홀구 주안동(옛시민회관사거리 인근),37.458476683206,126.680100292393,22,32,0,1,31
인천광역시,인천광역시 연수구 송도동(해양경비안전본부앞 인근),37.393364384814,126.647518669449,13,18,0,3,15
인천광역시,인천광역시 연수구 동춘동(연수동65115 인근),37.413237442409,126.677403334394,12,16,0,3,11
인천광역시,인천광역시 연수구 옥련동(송도역삼거리 인근),37.426955668524,126.657138232641,11,17,0,4,13
인천광역시,인천광역시 남동구 구월동(길병원사거리 인근),37.449758371106,126.707636886831,27,41,0,3,37
인천광역시,인천광역시 남동구 구월동(문예회관사거리 인근),37.450098651186,126.701177105137,24,32,0,6,26
인천광역시,인천광역시 남동구 간석동(간석사거리 인근),37.461622405603,126.720220362778,23,30,0,1,28
인천광역시,인천광역시 부평구 갈산동(부평역사거리 인근),37.491341183402,126.723133761512,32,44,1,0,42
인천광역시,인천광역시 부평구 부평동(부평동686 인근),37.488786921732,126.729491962982,30,36,0,8,25
인천광역시,인천광역시 부평구 부평동(굴다리오거리 인근),37.490986464707,126.729689510761,23,34,0,3,29
인천광역시,인천광역시 계양구 작전동(부평IC 인근),37.524608495338,126.722152042681,18,24,0,3,21
인천광역시,인천광역시 계양구 계산동(계산사거리 인근),37.543242089303,126.728507355528,18,23,0,4,18
인천광역시,인천광역시 계양구 작전동(작전역사거리 인근),37.530677933492,126.722507949381,17,25,0,3,22
인천광역시,인천광역시 서구 당하동(완정역1번출구 인근),37.593735528323,126.672839070864,24,29,0,4,24
인천광역시,인천광역시 서구 왕길동(검단사거리 인근),37.602108495361,126.657700074197,21,24,0,1,22
인천광역시,인천광역시 서구 가정동(루원교차로 인근),37.524713640474,126.676349180568,20,30,0,3,27
인천광역시,인천광역시 강화군 강화읍(강화군청앞 인근),37.746806870188,126.485277011721,7,8,0,1,6
인천광역시,인천광역시 강화군 길상면(전등사입구교차로 인근),37.637400683045,126.493477292739,5,6,0,1,3
인천광역시,인천광역시 강화군 강화읍(수협사거리 인근),37.744373526864,126.487389275491,5,6,0,1,5
인천광역시,인천광역시 옹진군 영흥면(세븐일레븐인천영흥점 인근),37.256963121009,126.495744260586,4,8,0,0,8
광주광역시,광주광역시 동구 광산동(장동로터리 인근),35.149562149978,126.922116479491,22,26,0,6,19
광주광역시,광주광역시 동구 황금동(광산동892 인근),35.145214048395,126.917288444804,18,21,0,3,18
광주광역시,광주광역시 동구 금남로4가(금남로4가역앞교차로 인근),35.15018796211,126.91537963646,17,29,0,4,21
광주광역시,광주광역시 서구 치평동(치평동1229 인근),35.152892592224,126.854055903056,47,68,0,6,58
광주광역시,광주광역시 서구 광천동(광천사거리 인근),35.161331962505,126.883429229674,35,58,0,1,55
광주광역시,광주광역시 서구 치평동(신환빌딩 인근),35.150690556329,126.855603074221,35,52,1,1,47
광주광역시,광주광역시 남구 봉선동(백운교차로 인근),35.133366868092,126.901320730965,34,51,0,3,47
광주광역시,광주광역시 남구 봉선동(주월동12912 인근),35.133398671717,126.909976673283,22,32,0,1,30
광주광역시,광주광역시 남구 방림동(스타벅스광주방림DT점 인근),35.135018055744,126.916975137191,17,21,0,2,19
광주광역시,광주광역시 북구 운암동(운암사거리 인근),35.176823836056,126.879078854604,36,58,0,3,53
광주광역시,광주광역시 북구 용봉동(북구청 인근),35.174308086054,126.912713261706,30,38,1,4,33
광주광역시,광주광역시 북구 매곡동(한민교회 인근),35.187270837583,126.899563104952,27,36,0,5,31
광주광역시,광주광역시 광산구 신가동(수완동1818 인근),35.190341864989,126.829670792971,42,69,0,1,67
광주광역시,광주광역시 광산구 신가동(신창동1203 인근),35.190350239476,126.837895071499,34,54,1,4,46
광주광역시,광주광역시 광산구 운남동(유캔영어학원 인근),35.179470024626,126.817624418231,33,63,0,5,54
대전광역시,대전광역시 동구 용전동(동부네거리 인근),36.351600869263,127.441454324358,41,54,2,6,46
대전광역시,대전광역시 동구 중동(대전역네거리 인근),36.331186900934,127.432631355453,31,45,0,8,37
대전광역시,대전광역시 동구 소제동(동서교 인근),36.333410807442,127.438804418889,25,39,0,2,36
대전광역시,대전광역시 중구 문화동(서대전네거리 인근),36.322483244186,127.412403512612,27,52,0,4,47
대전광역시,대전광역시 중구 태평동(계룡육교 인근),36.33384349466,127.398603262031,23,34,0,2,32
대전광역시,대전광역시 중구 대흥동(으능정이네거리 인근),36.326496588426,127.427109231206,21,26,0,1,25
대전광역시,대전광역시 서구 둔산동(수협은행둔산지점 인근),36.349725057044,127.377346730567,83,104,0,13,87
대전광역시,대전광역시 서구 갈마동(갈마삼거리 인근),36.352438025673,127.369939917793,48,75,1,6,67
대전광역시,대전광역시 서구 괴정동(탄방네거리교차로 인근),36.341007772869,127.38853263847,43,60,0,8,52
대전광역시,대전광역시 유성구 봉명동(유성온천역5번출구 인근),36.354078963752,127.340464606256,44,59,1,8,47
대전광역시,대전광역시 유성구 장대동(구암역삼거리 인근),36.356521245438,127.33131323102,38,52,0,5,46
대전광역시,대전광역시 유성구 원내동(GS주유소원내동셀프 인근),36.299784556292,127.322602855437,29,40,0,5,35
대전광역시,대전광역시 대덕구 오정동(농수산시장오거리 인근),36.356736306614,127.405126856019,32,50,1,6,42
대전광역시,대전광역시 대덕구 오정동(오정네거리 인근),36.358493500953,127.414400527362,20,29,1,5,22
대전광역시,대전광역시 대덕구 비래동(산림조합중앙회대전사 인근),36.356169431552,127.444956356351,18,26,0,5,21
울산광역시,울산광역시 중구 반구동(병영오거리 인근),35.568539024249,129.343470513457,32,60,0,7,52
울산광역시,울산광역시 중구 서동(서동로터리 인근),35.57879680572,129.342177919678,20,34,0,4,27
울산광역시,울산광역시 중구 반구동(체육의다리교차로 인근),35.560503556587,129.345897888881,16,19,0,6,11
울산광역시,울산광역시 남구 신정동(공업탑로터리 인근),35.532175868116,129.307524951206,41,61,0,3,51
울산광역시,울산광역시 남구 신정동(태화로터리 인근),35.548753274637,129.308021920166,35,52,0,9,37
울산광역시,울산광역시 남구 달동(번영사거리 인근),35.537699076045,129.328932465359,34,49,0,7,40
울산광역시,울산광역시 동구 일산동(일산해수욕장사거리 인근),35.496901056232,129.427656889294,22,27,0,14,10
울산광역시,울산광역시 동구 일산동(번덕사거리 인근),35.500664492366,129.428635795945,13,14,1,3,10
울산광역시,울산광역시 동구 방어동(꽃나루공원앞교차로 인근),35.487555306026,129.420989576444,11,16,0,9,7
울산광역시,울산광역시 북구 송정동(송정동1114 인근),35.603036383014,129.354354941635,19,44,0,13,27
울산광역시,울산광역시 북구 호계동(시장2리사거리 인근),35.626071149355,129.352507452664,19,30,0,4,26
울산광역시,울산광역시 북구 효문동(효문사거리 인근),35.561563743065,129.361483764075,15,19,0,1,17
울산광역시,울산광역시 울주군 온산읍(덕신리53521 인근),35.429265476017,129.307603700341,13,19,0,9,6
울산광역시,울산광역시 울주군 삼남읍(장검마을교차로 인근),35.557655991824,129.254782954344,10,13,0,3,7
울산광역시,울산광역시 울주군 언양읍(제2남천교앞교차로 인근),35.562313306408,129.126872857242,7,11,0,4,1
세종특별자치시,세종특별자치시  다정동(한국주택금융공사세종 인근),36.491154909747,127.256452951642,23,27,0,4,16
세종특별자치시,세종특별자치시  소담동(소담교차로 인근),36.486292682837,127.30119257138,17,22,0,4,11
세종특별자치시,세종특별자치시  도담동(성금교차로 인근),36.508547956398,127.261535170711,15,21,0,2,9
경기도,경기도 수원시 팔달구 인계동(나혜석거리 인근),37.263711307189,127.032485906199,52,67,0,9,53
경기도,경기도 수원시 권선구 권선동(터미널사거리 인근),37.249889401833,127.018674167678,37,65,2,14,47
경기도,경기도 수원시 팔달구 인계동(인계사거리 인근),37.268361557598,127.0271936055,37,65,0,5,59
경기도,경기도 성남시 중원구 성남동(모란삼거리 인근),37.432842339257,127.12898394865,67,91,1,16,65
경기도,경기도 성남시 중원구 하대원동(모란시장사거리 인근),37.429996620802,127.129365730643,48,61,0,10,49
경기도,경기도 성남시 수정구 수진동(태평역사거리 인근),37.439748119934,127.127788106635,38,50,0,3,44
경기도,경기도 의정부시 의정부동(의정부역1번출구 인근),37.737593322122,127.042800832392,56,78,0,7,56
경기도,경기도 의정부시 의정부동(의정부역동부교차로 인근),37.738566682654,127.04776057459,31,46,0,6,36
경기도,경기도 의정부시 의정부동(헤드원호텔앞 인근),37.741153835229,127.047113908079,31,31,0,4,23
경기도,경기도 안양시 동안구 호계동(호계동1167 인근),37.380734276321,126.960511292261,26,31,0,3,25
경기도,경기도 안양시 동안구 호계동(호계사거리 인근),37.370294432498,126.957905979676,21,25,1,2,20
경기도,경기도 안양시 동안구 호계동(비산사거리 인근),37.398677838467,126.934495356075,21,27,0,5,21
경기도,경기도 부천시 내동(전화국사거리 인근),37.48676474575,126.776855855712,60,78,0,11,65
경기도,경기도 부천시 상동(부천시청역2번출구 인근),37.503819682385,126.762946667553,52,94,0,7,80
경기도,경기도 부천시 중동(송원일식 인근),37.502823746172,126.770803667454,43,55,0,6,46
경기도,경기도 광명시 광명동(광명사거리 인근),37.479379526597,126.854386386821,37,42,0,7,31
경기도,경기도 광명시 하안동(하안사거리 인근),37.461948793856,126.880236419674,28,33,0,7,25
경기도,경기도 광명시 철산동(철산역앞삼거리 인근),37.475532307823,126.866084980236,23,37,0,6,27
경기도,경기도 평택시 고덕면(여염리산571 인근),37.038949479598,127.0478359072,36,61,1,14,38
경기도,경기도 평택시 이충동(송탄문예회관앞교차로 인근),37.065472474238,127.063015617976,32,42,1,4,33
경기도,경기도 평택시 서정동(지장초교사거리 인근),37.067094745089,127.05875082419,28,37,0,6,28
경기도,경기도 동두천시 생연동(생골사거리 인근),37.899491808444,127.057626511553,11,13,1,1,11
경기도,경기도 동두천시 생연동(대방에이스빌앞 인근),37.899150205462,127.061115384666,8,9,0,0,8
경기도,경기도 동두천시 지행동(지행동4713 인근),37.888602115639,127.056759817811,8,11,0,2,9
경기도,경기도 안산시 상록구 성포동(한전사거리 인근),37.315180199464,126.845011960832,57,114,0,22,87
경기도,경기도 안산시 단원구 초지동(화정교 인근),37.317432119853,126.821067136338,38,68,0,16,49
경기도,경기도 안산시 단원구 원곡동(안산역지하차도 인근),37.328803026395,126.788035261517,35,64,0,11,50
경기도,경기도 고양시 일산동구 마두동(뉴코아백화점사거리 인근),37.655009370036,126.776006667272,47,69,1,8,59
경기도,경기도 고양시 일산동구 마두동(수협은행일산지점 인근),37.656612463744,126.773982761893,34,43,0,4,39
경기도,경기도 고양시 일산동구 백석동(8 인근),37.642610802796,126.788589413869,32,46,0,8,37
경기도,경기도 과천시 주암동(민마루고개 인근),37.459913619971,127.032793792698,23,59,0,5,54
경기도,경기도 과천시 별양동(소방서삼거리 인근),37.42781315141,126.991313355626,11,12,0,3,9
경기도,경기도 과천시 갈현동(갈현동3214 인근),37.411412651428,126.980442980258,9,11,0,3,8
경기도,경기도 구리시 수택동(돌다리사거리 인근),37.601000901121,127.141151824496,34,50,0,8,42
경기도,경기도 구리시 토평동(구리TG 인근),37.589390121108,127.156464231139,29,45,0,1,43
경기도,경기도 구리시 수택동(세무서사거리 인근),37.597312538594,127.13668215076,22,32,0,3,27
경기도,경기도 남양주시 호평동(청솔공인중개사앞 인근),37.655027492274,127.244919350547,19,20,0,7,13
경기도,경기도 남양주시 화도읍(마석입구삼거리 인근),37.652301527543,127.299599105814,18,30,0,5,25
경기도,경기도 남양주시 화도읍(맷돌로1109 인근),37.657266029853,127.302674039875,18,26,0,6,18
경기도,경기도 오산시 원동(화성공업사앞교차로 인근),37.143983805969,127.073476253226,28,34,0,5,26
경기도,경기도 오산시 원동(롯데마트사거리 인근),37.148819775373,127.07357541787,26,34,0,5,27
경기도,경기도 오산시 가수동(남촌대교 인근),37.14963762064,127.062213356161,23,32,1,2,26
경기도,경기도 시흥시 신천동(신천사거리 인근),37.439120810431,126.786482421025,24,30,0,7,21
경기도,경기도 시흥시 배곧동(시정왕동1893 인근),37.368153119727,126.734198635957,20,34,0,3,31
경기도,경기도 시흥시 정왕동(정왕동1222 인근),37.344836473481,126.747872556072,20,21,0,7,13
경기도,경기도 군포시 금정동(산본역서부사거리 인근),37.357518275904,126.931381511946,22,45,0,9,30
경기도,경기도 군포시 금정동(산본역동부사거리 인근),37.35913368223,126.934317543918,22,31,0,2,27
경기도,경기도 군포시 금정동(금정역삼거리 인근),37.372357463782,126.942840387473,20,29,0,9,19
경기도,경기도 의왕시 오전동(원골로삼거리 인근),37.357702000203,126.966487000374,14,31,0,1,30
경기도,경기도 의왕시 오전동(기업은행사거리 인근),37.349523463893,126.97316479302,12,15,0,2,12
경기도,경기도 의왕시 왕곡동(의왕TG 인근),37.34750392832,126.98438405318,12,38,1,3,34
경기도,경기도 하남시 미사동(망월동1082 인근),37.566322866758,127.190605439489,28,33,0,6,24
경기도,경기도 하남시 덕풍동(신장사거리 인근),37.537982992473,127.204509959267,26,27,0,6,18
경기도,경기도 하남시 풍산동(미사강변도시28단지 인근),37.560877501447,127.193787881205,23,30,0,3,26
경기도,경기도 용인시 수지구 풍덕천동(로얄스포츠센터사거리 인근),37.322950394102,127.096466333154,35,46,0,5,40
경기도,경기도 용인시 수지구 죽전동(풍덕천사거리 인근),37.324205807209,127.103004949418,31,57,0,7,49
경기도,경기도 용인시 처인구 마평동(명지대입구사거리 인근),37.236089369787,127.189204636584,27,40,0,1,31
경기도,경기도 파주시 금촌동(금촌로터리 인근),37.757760000271,126.773579999616,28,36,0,3,29
경기도,경기도 파주시 와동동(한양수자인 인근),37.735140000358,126.758830000203,20,26,0,6,18
경기도,경기도 파주시 야당동(야당역경의중앙선 인근),37.712944877053,126.760417987998,17,21,0,2,16
경기도,경기도 이천시 창전동(분수대오거리 인근),37.280842964089,127.446945231337,32,40,0,5,34
경기도,경기도 이천시 중리동(터미널사거리 인근),37.278230715033,127.446791637024,15,21,1,4,15
경기도,경기도 이천시 창전동(창전사거리 인근),37.284358244895,127.447151480956,15,17,0,0,15
경기도,경기도 안성시 아양동(농산물공판장앞교차로 인근),37.007036599723,127.266484577001,16,19,0,5,12
경기도,경기도 안성시 도기동(이룸빌라 인근),37.003790712635,127.268304356061,15,20,0,5,12
경기도,경기도 안성시 공도읍(주은교차로 인근),36.995092869105,127.141600651848,12,19,0,2,15
경기도,경기도 김포시 고촌읍(신곡사거리 인근),37.600441476044,126.772075236881,46,67,0,8,58
경기도,경기도 김포시 양촌읍(KT플라자구래점 인근),37.645500436046,126.625819852302,29,36,0,5,30
경기도,경기도 김포시 장기동(장기역사거리 인근),37.644010058867,126.668969706285,23,35,0,2,33
경기도,경기도 화성시 병점동(IBK기업은행화성병점지 인근),37.213670154313,127.041079613632,32,43,0,8,33
경기도,경기도 화성시 정남면(병점사거리 인근),37.207897308074,127.035061605008,27,30,0,4,24
경기도,경기도 화성시 석우동(하이마트 인근),37.207087918232,127.074903061826,25,34,1,3,29
경기도,경기도 광주시 역동(광주고용지원센터앞 인근),37.407696154509,127.260969513332,40,55,0,3,49
경기도,경기도 광주시 역동(탐앤탐스 인근),37.409949848362,127.25923690376,36,45,0,5,31
경기도,경기도 광주시 송정동(송정교남단교차로 인근),37.413529654625,127.260250615973,27,41,1,7,30
경기도,경기도 양주시 옥정동(스타벅스 인근),37.818883587753,127.094509970458,18,23,0,4,18
경기도,경기도 양주시 덕계동(무명교 인근),37.822198413272,127.04909481867,15,20,0,3,16
경기도,경기도 양주시 광사동(부흥로1907번길1 인근),37.793244809247,127.075722509685,15,21,0,1,20
경기도,경기도 포천시 소흘읍(부인터사거리 인근),37.805447276617,127.131452731558,18,28,0,0,26
경기도,경기도 포천시 가산면(가산교 인근),37.837029902953,127.155046668468,14,21,0,6,14
경기도,경기도 포천시 신읍동(보건소사거리 인근),37.900615821607,127.200553724674,11,13,0,3,10
경기도,경기도 여주시 홍문동(버스터미널사거리 인근),37.288936027034,127.635184480879,17,21,0,4,14
경기도,경기도 여주시 월송동(월송교차로 인근),37.286427972531,127.619038715664,9,20,1,1,15
경기도,경기도 여주시 천송동(신륵사사거리 인근),37.300794057657,127.649845449209,8,9,0,3,6
경기도,경기도 연천군 전곡읍(전곡교 인근),38.028443953567,127.065573365418,7,15,0,2,11
경기도,경기도 연천군 전곡읍(벌집삼겹살수원영통점 인근),38.022682209458,127.065812460076,6,8,0,1,7
경기도,경기도 연천군 전곡읍(전곡중고등학교앞교차 인근),38.030151990063,127.070871633119,5,8,0,0,8
경기도,경기도 가평군 가평읍(읍내사거리 인근),37.830982589021,127.513176074117,12,14,0,2,12
경기도,경기도 가평군 청평면(청평3거리교차로 인근),37.735768308109,127.415008792821,10,26,0,3,23
경기도,경기도 가평군 가평읍(가평역입구교차로 인근),37.816910081281,127.507149040796,10,22,0,1,19
경기도,경기도 양평군 양평읍(우리예식장앞삼거리 인근),37.48985447096,127.49378646957,17,20,0,9,9
경기도,경기도 양평군 양평읍(양근삼거리 인근),37.48795780796,127.491945762387,10,11,0,1,10
경기도,경기도 양평군 양평읍(국민건강보험공단양평 인근),37.490800302345,127.497707901299,10,10,0,1,7
강원도,강원도 춘천시 근화동(공지사거리 인근),37.873838711832,127.713324616538,16,22,0,0,20
강원도,강원도 춘천시 동내면(거두사거리 인근),37.855395839791,127.749388824535,13,19,0,2,12
강원도,강원도 춘천시 운교동(운교사거리 인근),37.876257308972,127.73143910653,13,19,0,0,14
강원도,강원도 원주시 단계동(방일해장국 인근),37.347743640813,127.933100314029,39,51,0,7,42
강원도,강원도 원주시 인동(목우촌닭고기원주대리 인근),37.347789683404,127.953889013668,26,43,0,8,32
강원도,강원도 원주시 단계동(삼성숯불갈비 인근),37.34552057607,127.928998644673,25,38,0,7,30
강원도,강원도 강릉시 교동(강릉역육거리 인근),37.762930204512,128.900516555014,21,32,0,7,25
강원도,강원도 강릉시 옥천동(옥천오거리 인근),37.755836296454,128.899494377482,16,29,1,2,26
강원도,강원도 강릉시 교동(임당사거리 인근),37.759163652227,128.895830981932,14,19,0,0,19
강원도,강원도 동해시 이도동(이원사거리 인근),37.480534245311,129.112777513916,7,8,0,2,6
강원도,강원도 동해시 효가동(한중대입구교차로 인근),37.495551213869,129.11069535765,7,12,0,1,9
강원도,강원도 동해시 발한동(발한삼거리 인근),37.549290276475,129.10880198257,7,9,0,4,5
강원도,강원도 태백시 황지동(황지119안전센터 인근),37.159332119841,128.989867418973,11,15,0,1,14
강원도,강원도 태백시 황지동(황지교사거리 인근),37.174064900834,128.993696733145,9,14,0,2,12
강원도,강원도 태백시 문곡동(장성여고입구 인근),37.124040620139,129.003769826245,6,14,0,2,12
강원도,강원도 속초시 교동(만천사거리 인근),38.197355541163,128.576147969658,17,20,0,7,12
강원도,강원도 속초시 동명동(수복탑사거리 인근),38.210644875198,128.593534381112,17,32,0,5,27
강원도,강원도 속초시 조양동(조양동6346 인근),38.191930006802,128.579034459777,15,28,0,7,20
강원도,강원도 삼척시 정상동(직행버스터미널입구 인근),37.439437900591,129.168550388846,10,15,0,5,10
강원도,강원도 삼척시 교동(삼척IC 인근),37.456265994932,129.168057875127,7,9,0,0,9
강원도,강원도 삼척시 남양동(의료원앞사거리 인근),37.440816058567,129.164219107282,5,5,0,2,3
강원도,강원도 홍천군 홍천읍(홍천TG 인근),37.675646900833,127.85512641895,4,9,0,1,8
강원도,강원도 홍천군 서석면(풍암교 인근),37.707971589266,128.187406732436,4,10,0,2,7
강원도,강원도 홍천군 홍천읍(하오안육교 인근),37.680896308367,127.867122824659,3,5,0,0,5
강원도,강원도 횡성군 횡성읍(횡성지구대 인근),37.487529111932,127.985205356143,10,13,0,1,12
강원도,강원도 횡성군 횡성읍(한성막국수 인근),37.491014439918,127.988790144651,6,7,0,2,4
강원도,강원도 횡성군 횡성읍(읍상리454 인근),37.485760430553,127.990533178265,4,4,0,1,2
강원도,강원도 영월군 영월읍(군청사거리 인근),37.180902588444,128.462513075821,8,11,0,4,7
강원도,강원도 영월군 영월읍(덕포삼거리 인근),37.180280088515,128.47539907561,6,10,0,2,2
강원도,강원도 영월군 영월읍(하송사거리 인근),37.181189155615,128.465798349617,4,4,0,1,3
강원도,강원도 평창군 진부면(진부시외버스터미널 인근),37.63600565109,128.557527888006,5,10,1,3,6
강원도,강원도 평창군 평창읍(하리428 인근),37.367203977937,128.395485788041,4,5,0,0,5
강원도,강원도 평창군 평창읍(평창종합버스터미널 인근),37.366101276009,128.392664388154,4,8,0,3,5
강원도,강원도 정선군 사북읍(사북오거리 인근),37.226297619698,128.814892919585,4,7,0,2,5
강원도,강원도 정선군 남면(무릉사거리 인근),37.254155793713,128.779162891565,4,6,0,1,5
강원도,강원도 정선군 신동읍(예미교차로 인근),37.218688938802,128.643074322928,4,11,0,5,6
강원도,강원도 철원군 동송읍(이평사거리 인근),38.209406777638,127.217233856257,6,8,0,3,5
강원도,강원도 철원군 갈말읍(군탄사거리 인근),38.158074381766,127.310150699395,4,11,0,0,11
강원도,강원도 철원군 갈말읍(내대리5203 인근),38.184437595656,127.30755075936,4,5,0,2,3
강원도,강원도 양구군 양구읍(상리2673 인근),38.10642721958,127.990189626451,5,5,0,0,5
강원도,강원도 양구군 양구읍(정림교동측 인근),38.101648902115,127.985424856373,4,5,0,0,4
강원도,강원도 인제군 인제읍(인제교차로 인근),38.064966432695,128.175247825528,6,12,0,0,12
강원도,강원도 인제군 북면(원통교차로 인근),38.121353755011,128.208880347651,4,6,0,1,5
강원도,강원도 인제군 상남면(인제IC 인근),37.91731737504,128.287272452663,3,8,0,0,1
강원도,강원도 고성군 토성면(천진교차로 인근),38.259979436138,128.555657286459,6,21,0,8,13
강원도,강원도 고성군 토성면(청간사거리 인근),38.267353527979,128.554404721505,4,6,0,2,4
강원도,강원도 고성군 거진읍(복천교 인근),38.387443277019,128.460194137952,3,4,0,2,2
강원도,강원도 양양군 양양읍(남문리35 인근),38.076355498347,128.624104101928,7,10,0,2,7
강원도,강원도 양양군 양양읍(남단교차로 인근),38.069847774695,128.624763347256,4,5,0,2,3
강원도,강원도 양양군 강현면(공항삼거리 인근),38.15039304734,128.608026456761,4,6,0,3,3
충청북도,충청북도 청주시 서원구 사창동(사창사거리 인근),36.634907216667,127.460164381381,51,67,0,16,51
충청북도,충청북도 청주시 흥덕구 강서동(청주터미널앞사거리 인근),36.625478995032,127.430727949335,34,42,0,7,35
충청북도,충청북도 청주시 흥덕구 봉명동(봉명사거리 인근),36.643056518715,127.462445109754,32,49,0,6,42
충청북도,충청북도 충주시 연수동(법원사거리 인근),36.982343120203,127.928276825416,21,32,0,9,22
충청북도,충청북도 충주시 금릉동(충주축산농협금릉지점 인근),36.982342433121,127.91755523119,19,30,0,0,30
충청북도,충청북도 충주시 칠금동(칠금사거리 인근),36.981093370127,127.912927730931,18,27,0,7,19
충청북도,충청북도 제천시 중앙로1가(메가박스제천 인근),37.135633089057,128.212184637613,15,20,0,4,12
충청북도,충청북도 제천시 천남동(신당교 인근),37.13137746386,128.199196825575,12,21,0,2,18
충청북도,충청북도 제천시 동현동(남천종합상사 인근),37.132524870188,128.221379668638,11,16,0,1,13
충청북도,충청북도 보은군 보은읍(교사리4401 인근),36.486251721415,127.721549861837,10,13,0,3,10
충청북도,충청북도 보은군 보은읍(터미널삼거리 인근),36.483084462953,127.72259369954,4,8,0,0,8
충청북도,충청북도 보은군 보은읍(금굴삼거리 인근),36.45197961944,127.733392199291,3,10,0,3,7
충청북도,충청북도 옥천군 옥천읍(가회1교동측 인근),36.302145223603,127.566721446138,7,7,0,3,4
충청북도,충청북도 옥천군 옥천읍(과선교사거리 인근),36.292462277992,127.568336023289,4,9,0,2,7
충청북도,충청북도 옥천군 옥천읍(금구리316 인근),36.300367195569,127.570714613189,4,7,0,3,4
충청북도,충청북도 영동군 영동읍(중앙사거리 인근),36.17536755645,127.777761668867,11,13,0,5,6
충청북도,충청북도 영동군 영동읍(부용사거리 인근),36.173704244138,127.77389295,6,8,0,0,8
충청북도,충청북도 영동군 학산면(학산삼거리 인근),36.098929151243,127.683283261814,3,4,0,3,1
충청북도,충청북도 증평군 증평읍(증평사거리 인근),36.785226431623,127.582676293376,18,25,1,4,19
충청북도,충청북도 증평군 증평읍(초중사거리 인근),36.783447900869,127.573093762467,7,9,0,2,6
충청북도,충청북도 증평군 증평읍(윗장뜰사거리 인근),36.788174806791,127.586824919035,7,9,0,2,7
충청북도,충청북도 진천군 진천읍(안골삼거리 인근),36.871178994082,127.468665261692,8,21,0,1,19
충청북도,충청북도 진천군 광혜원면(광혜원교차로 인근),36.983286795014,127.434257917868,8,19,0,5,14
충청북도,충청북도 진천군 진천읍(벽암사거리 인근),36.859669714253,127.437104293728,7,7,0,2,5
충청북도,충청북도 괴산군 괴산읍(괴산시외버스터미널 인근),36.808303401349,127.794081481676,6,6,0,2,4
충청북도,충청북도 괴산군 괴산읍(대사삼거리 인근),36.797590213086,127.783577481116,4,12,0,6,5
충청북도,충청북도 괴산군 괴산읍(괴산문화예술회관 인근),36.806947713834,127.793292856281,4,4,0,1,3
충청북도,충청북도 음성군 맹동면(위너스타워 인근),36.908621163102,127.542233718911,10,14,0,4,10
충청북도,충청북도 음성군 대소면(오산리3821 인근),36.966447691173,127.488983641982,7,8,0,1,7
충청북도,충청북도 음성군 대소면(오산리산24 인근),36.96865505645,127.486081234761,7,10,0,2,7
충청북도,충청북도 단양군 단양읍(단양농협 인근),36.982235714171,128.369034949606,11,14,0,2,11
충청북도,충청북도 단양군 단양읍(도전리640 인근),36.979801651389,128.367913200936,5,7,0,3,3
충청북도,충청북도 단양군 단양읍(NH농협은행단양군지부 인근),36.984806494588,128.36928576243,4,5,0,3,2
충청남도,충청남도 천안시 서북구 불당동(불당동1883 인근),36.81277489981,127.107740268498,37,57,0,6,50
충청남도,충청남도 천안시 서북구 쌍용동(일봉산사거리 인근),36.797963416447,127.130518294583,37,46,0,6,38
충청남도,충청남도 천안시 서북구 두정동(커피농 인근),36.832506687401,127.135650815432,37,44,0,5,36
충청남도,충청남도 공주시 금흥동(금흥동677 인근),36.476756105486,127.138770407128,11,14,0,5,9
충청남도,충청남도 공주시 신관동(강북교차로 인근),36.463408588012,127.140239324684,10,13,0,3,9
충청남도,충청남도 공주시 신관동(공주고용센터 인근),36.472057206251,127.133698712825,10,11,0,2,9
충청남도,충청남도 보령시 대천동(명문당사거리 인근),36.350550907177,126.595907130307,12,13,0,4,7
충청남도,충청남도 보령시 명천동(동대동1957 인근),36.345948696753,126.59905503446,9,11,0,4,7
충청남도,충청남도 보령시 명천동(주공사거리 인근),36.345895175401,126.601740891226,9,11,0,2,9
충청남도,충청남도 아산시 온천동(역전삼거리 인근),36.781269464983,127.004463575333,24,36,0,6,28
충청남도,충청남도 아산시 배방읍(모산사거리 인근),36.776849968021,127.054032589531,19,29,0,1,28
충청남도,충청남도 아산시 온천동(온천동238 인근),36.781298407864,126.999826139364,19,31,0,4,26
충청남도,충청남도 서산시 예천동(영진주택앞교차로 인근),36.769870969039,126.452382406718,10,11,0,2,9
충청남도,충청남도 서산시 석림동(현대카드앞교차로 인근),36.777021305058,126.46158643726,10,11,0,3,7
충청남도,충청남도 서산시 읍내동(호수공원사거리 인근),36.77718406706,126.451732311992,9,13,0,1,10
충청남도,충청남도 논산시 반월동(반월동191 인근),36.204741592632,127.084709616555,11,14,0,5,9
충청남도,충청남도 논산시 대교동(대교동325 인근),36.207524153499,127.082421598277,8,10,0,7,3
충청남도,충청남도 논산시 취암동(논산오거리 인근),36.202563919371,127.086681057284,8,9,0,1,8
충청남도,충청남도 계룡시 엄사면(평리사거리 인근),36.288408923813,127.245044362607,5,12,0,1,11
충청남도,충청남도 당진시 읍내동(당진중앙도서관앞 인근),36.900371807879,126.63259904171,16,23,0,2,21
충청남도,충청남도 당진시 시곡동(당진농공단지사거리 인근),36.902312057422,126.684273980358,8,13,0,2,11
충청남도,충청남도 당진시 대덕동(행동사거리 인근),36.884945397778,126.630828334158,7,9,1,1,7
충청남도,충청남도 금산군 금산읍(상리4916 인근),36.109664684961,127.491030217471,7,9,0,4,5
충청남도,충청남도 금산군 금산읍(중도교서측 인근),36.102690830102,127.498213401228,5,5,0,2,3
충청남도,충청남도 금산군 금산읍(인삼로82 인근),36.102871399579,127.490581387421,5,5,0,4,1
충청남도,충청남도 부여군 부여읍(군청사거리 인근),36.276155254442,126.910550603526,6,6,0,4,2
충청남도,충청남도 부여군 부여읍(대향로로타리교차로 인근),36.284007807195,126.929158324896,6,8,0,3,5
충청남도,충청남도 부여군 부여읍(백강교차로 인근),36.276127335888,126.903455610886,5,6,1,2,3
충청남도,충청남도 서천군 서천읍(군사리85710 인근),36.075389312152,126.687400317868,13,16,0,5,11
충청남도,충청남도 서천군 서천읍(오석사거리 인근),36.088922230261,126.682676557775,5,9,0,1,8
충청남도,충청남도 서천군 장항읍(서해해양조사사무소 인근),36.008323213232,126.689803448468,4,7,0,0,7
충청남도,충청남도 청양군 정산면(서정리사거리 인근),36.411153744027,126.951190730267,5,8,0,0,8
충청남도,충청남도 청양군 정산면(서정리9925 인근),36.413431019003,126.948073635089,3,3,0,2,1
충청남도,충청남도 청양군 청양읍(벽천삼거리 인근),36.440019623683,126.795282448225,3,3,0,1,2
충청남도,충청남도 홍성군 홍성읍(오관사거리 인근),36.599692510074,126.665660175974,9,14,0,2,12
충청남도,충청남도 홍성군 홍성읍(장군상오거리 인근),36.600548121471,126.670896773565,6,11,0,2,9
충청남도,충청남도 홍성군 홍성읍(대교2교차로 인근),36.602887218543,126.677750150747,6,9,0,0,9
충청남도,충청남도 예산군 예산읍(검문소삼거리 인근),36.738968414531,126.858656060327,7,14,0,1,13
충청남도,충청남도 예산군 덕산면(덕산회전교차로 인근),36.709185307326,126.673108699305,6,13,0,0,13
충청남도,충청남도 예산군 예산읍(무한교차로 인근),36.682912138056,126.826459595432,5,6,0,0,6
충청남도,충청남도 태안군 태안읍(동문리842 인근),36.753999854079,126.296978363753,9,10,0,3,5
충청남도,충청남도 태안군 태안읍(화동교차로 인근),36.753435766916,126.321775099834,7,12,0,1,10
충청남도,충청남도 태안군 태안읍(성심사거리 인근),36.751399916742,126.302234059347,5,6,0,5,0
전라북도,전라북도 전주시 완산구 효자동3가(이동교사거리 인근),35.813662713454,127.112638886475,23,36,0,4,32
전라북도,전라북도 전주시 완산구 효자동3가(효자동2가1171 인근),35.81470620222,127.106766459204,20,27,0,10,17
전라북도,전라북도 전주시 덕진구 덕진동1가(덕진시외버스간이터미 인근),35.844282681191,127.124752074548,17,23,0,2,21
전라북도,전라북도 군산시 나운동(원불교나운교당 인근),35.962429182348,126.696647104878,22,40,0,5,32
전라북도,전라북도 군산시 장재동(군산화물역사거리 인근),35.980067962453,126.719551730326,22,28,0,8,18
전라북도,전라북도 군산시 수송동(수송동행정복지센터 인근),35.964962053643,126.716999747538,18,19,0,2,14
전라북도,전라북도 익산시 영등동(영등동872 인근),35.959225932118,126.976754713058,16,23,0,6,17
전라북도,전라북도 익산시 어양동(하나로사거리 인근),35.959334928152,126.98157052326,14,16,0,5,10
전라북도,전라북도 익산시 중앙동1가(익산역삼거리 인근),35.939945732797,126.947175702495,13,21,0,3,18
전라북도,전라북도 정읍시 수성동(정읍제일고등학교 인근),35.570486229152,126.852610893976,11,19,2,2,14
전라북도,전라북도 정읍시 시기동(정동교북측 인근),35.557226276867,126.865683264769,9,14,0,2,12
전라북도,전라북도 정읍시 상동(GS25정읍중앙점 인근),35.559825508237,126.867466034928,8,10,0,2,8
전라북도,전라북도 남원시 금동(왕정동1437 인근),35.406665056147,127.373575918194,5,6,0,1,5
전라북도,전라북도 남원시 천거동(노암동 인근),35.401162129728,127.378156083536,5,12,1,0,11
전라북도,전라북도 남원시 왕정동(서문사거리 인근),35.409366257146,127.376523869781,4,4,0,0,4
전라북도,전라북도 김제시 요촌동(쇼핑센터사거리 인근),35.801131533984,126.884761198469,10,12,0,5,7
전라북도,전라북도 김제시 요촌동(터미널사거리 인근),35.802526337511,126.892460480665,7,12,0,0,11
전라북도,전라북도 김제시 요촌동(이디야커피김제중앙점 인근),35.799809181639,126.887901979991,4,10,0,2,8
전라북도,전라북도 완주군 삼례읍(삼례사거리 인근),35.91053308782,127.072597700123,6,6,1,2,3
전라북도,전라북도 완주군 삼례읍(삼례농협 인근),35.911585118347,127.074251792585,4,4,0,3,1
전라북도,전라북도 완주군 삼례읍(삼례IC사거리 인근),35.918845994535,127.085270387018,4,5,0,3,2
전라북도,전라북도 진안군 진안읍(군상리4324 인근),35.791427235769,127.427122623011,4,4,0,2,2
전라북도,전라북도 진안군 진안읍(진안우체국앞 인근),35.792135583182,127.430150600769,4,5,0,3,2
전라북도,전라북도 무주군 무주읍(무주2교차로 인근),36.00999232707,127.67680350258,4,8,0,5,3
전라북도,전라북도 무주군 무주읍(무주대교 인근),36.007328556754,127.667220355635,3,4,1,1,2
전라북도,전라북도 임실군 임실읍(이도리7412 인근),35.614777487386,127.280469172414,3,4,0,0,3
전라북도,전라북도 임실군 임실읍(두곡삼거리 인근),35.631635208093,127.290656158355,3,4,0,0,4
전라북도,전라북도 임실군 관촌면(오수관촌농협 인근),35.674632180924,127.269992668626,3,3,1,2,0
전라북도,전라북도 순창군 순창읍(순창종합버스터미널 인근),35.377399087898,127.140996793067,5,6,1,2,2
전라북도,전라북도 순창군 순창읍(경천교남측 인근),35.370632761493,127.140897747132,3,7,0,0,7
전라북도,전라북도 순창군 순창읍(순창IC교차로 인근),35.369446398333,127.139152710728,3,6,0,1,5
전라북도,전라북도 고창군 대산면(대산사거리 인근),35.339556900432,126.600843605245,3,5,0,2,3
전라북도,전라북도 부안군 부안읍(터미널사거리 인근),35.726123315231,126.736214984332,15,20,0,7,13
전라북도,전라북도 부안군 부안읍(아담사거리 인근),35.726372536256,126.733212721788,8,12,0,3,9
전라북도,전라북도 부안군 부안읍(구소방서사거리 인근),35.723237656085,126.731497534781,3,7,0,0,7
전라남도,전라남도 목포시 용해동(용해동94112 인근),34.812057996692,126.399733504093,41,69,1,2,63
전라남도,전라남도 목포시 옥암동(온세대교회 인근),34.81074809636,126.423731852638,33,57,0,3,48
전라남도,전라남도 목포시 옥암동(뉴에버그린모텔 인근),34.800321477967,126.430773837438,23,39,0,6,30
전라남도,전라남도 여수시 학동(시청앞로터리 인근),34.761414273764,127.662917418005,36,44,0,1,41
전라남도,전라남도 여수시 충무동(교동사거리 인근),34.740275743245,127.73141329329,26,33,0,7,26
전라남도,전라남도 여수시 문수동(제13호광장 인근),34.7485846174,127.699490418349,25,44,0,3,38
전라남도,전라남도 순천시 조례동(광주은행연향동지점 인근),34.95368699257,127.518875292861,33,51,0,3,46
전라남도,전라남도 순천시 풍덕동(풍덕동220 인근),34.941360028452,127.507217981924,20,25,0,3,22
전라남도,전라남도 순천시 조례동(조례동1725 인근),34.958084434559,127.519401229883,18,22,0,4,18
전라남도,전라남도 나주시 빛가람동(전력로사거리 인근),35.021171258255,126.784932429586,9,13,0,1,11
전라남도,전라남도 나주시 성북동(성북동9810 인근),35.035803188374,126.720193863354,7,13,0,1,11
전라남도,전라남도 나주시 빛가람동(빛가람동196 인근),35.022285538954,126.788200671122,7,8,0,1,6
전라남도,전라남도 광양시 중동(KT광양지점 인근),34.938499180703,127.695043419219,12,14,0,5,9
전라남도,전라남도 광양시 광양읍(인동교차로 인근),34.970881524672,127.589503449925,12,18,0,2,15
전라남도,전라남도 광양시 마동(남양우유동광양대리점 인근),34.951210774967,127.696847200239,11,15,0,1,14
전라남도,전라남도 담양군 담양읍(담양읍행정복지센터 인근),35.319769800038,126.981165439832,11,13,0,2,10
전라남도,전라남도 담양군 담양읍(담양읍삼거리 인근),35.31507192603,126.983480722856,10,12,0,1,11
전라남도,전라남도 담양군 담양읍(백동사거리 인근),35.309244509828,126.982020162699,9,17,0,3,14
전라남도,전라남도 곡성군 옥과면(용두교 인근),35.271567962194,127.134791480841,5,8,1,5,2
전라남도,전라남도 곡성군 오산면(오산교차로 인근),35.263415784114,127.12004259299,5,10,0,2,8
전라남도,전라남도 곡성군 겸면(평장삼거리 인근),35.274544072453,127.145803743147,3,4,0,2,2
전라남도,전라남도 구례군 구례읍(구례실내체육관입구 인근),35.214295281606,127.467146250099,4,7,0,1,6
전라남도,전라남도 구례군 구례읍(구례경찰서 인근),35.208737376932,127.464501221654,3,4,0,2,1
전라남도,전라남도 구례군 구례읍(돌틈삼거리 인근),35.216162118591,127.464521699217,3,3,0,1,2
전라남도,전라남도 고흥군 고흥읍(파리바게뜨고흥중앙점 인근),34.607477150068,127.283945698735,6,7,0,2,3
전라남도,전라남도 고흥군 고흥읍(봉황2교 인근),34.608433881236,127.288352452303,5,5,0,2,3
전라남도,전라남도 고흥군 도양읍(소방서사거리 인근),34.526074628361,127.140811372646,4,4,0,1,3
전라남도,전라남도 보성군 벌교읍(벌교리899 인근),34.844857978625,127.344114640578,4,4,0,2,2
전라남도,전라남도 보성군 벌교읍(회정교차로 인근),34.847165068825,127.350871507913,4,7,0,0,6
전라남도,전라남도 보성군 보성읍(참국화갤러리카페 인근),34.767942461489,127.083449887601,3,4,0,1,3
전라남도,전라남도 화순군 화순읍(대광아파트교차로 인근),35.055662086144,126.978394053042,7,7,0,2,5
전라남도,전라남도 화순군 도곡면(효자2길88 인근),34.997853555306,126.916149043342,6,6,0,0,6
전라남도,전라남도 화순군 화순읍(대리교 인근),35.05121002563,126.972266531274,5,13,0,1,11
전라남도,전라남도 장흥군 장흥읍(장흥교오거리 인근),34.679662188275,126.90526731853,5,8,0,0,8
전라남도,전라남도 장흥군 관산읍(옥당사거리 인근),34.562526180657,126.938797700152,4,4,0,0,3
전라남도,전라남도 장흥군 장흥읍(순지교차로 인근),34.657575962077,126.886252573896,4,16,0,2,13
전라남도,전라남도 강진군 성전면(성전육교 인근),34.697754837331,126.708465917866,5,10,0,2,8
전라남도,전라남도 강진군 성전면(신풍삼거리 인근),34.719607711941,126.709323386363,4,7,0,2,5
전라남도,전라남도 강진군 마량면(강진남부농협마량지점 인근),34.450472492832,126.816902730275,3,3,0,1,1
전라남도,전라남도 해남군 해남읍(홍교북측 인근),34.570033501663,126.598772102348,10,13,1,3,8
전라남도,전라남도 해남군 해남읍(농협해남군지부 인근),34.571784062602,126.599443213331,8,10,1,4,5
전라남도,전라남도 해남군 해남읍(해리1923 인근),34.570957100908,126.609669416907,8,11,0,2,9
전라남도,전라남도 영암군 삼호읍(호등교차로 인근),34.745961203261,126.479106230764,6,8,0,0,8
전라남도,전라남도 영암군 삼호읍(서창리1193 인근),34.727865793286,126.552077745888,6,17,0,3,12
전라남도,전라남도 영암군 미암면(서영암농협본점 인근),34.725568217913,126.568899414573,4,4,0,0,4
전라남도,전라남도 무안군 삼향읍(남악리2106 인근),34.812860337647,126.460184127991,15,21,0,2,19
전라남도,전라남도 무안군 삼향읍(남악리21061 인근),34.810987988717,126.460252082563,8,10,0,1,9
전라남도,전라남도 무안군 삼향읍(전남교육청사거리 인근),34.814452229399,126.471179903026,7,9,0,0,9
전라남도,전라남도 함평군 함평읍(엑스포삼거리 인근),35.059299672949,126.521756204682,4,8,0,0,6
전라남도,전라남도 함평군 월야면(월야사거리 인근),35.179517016002,126.625663319004,4,7,0,0,5
전라남도,전라남도 함평군 함평읍(기각사거리 인근),35.066396203429,126.525485973795,3,6,0,0,5
전라남도,전라남도 영광군 법성면(법성리1127 인근),35.361950040962,126.443829120213,5,5,0,2,3
전라남도,전라남도 영광군 영광읍(백학리38141 인근),35.277949410239,126.503613413924,5,6,0,1,4
전라남도,전라남도 영광군 영광읍(남천삼거리 인근),35.27394662404,126.504554832336,4,4,0,3,0
전라남도,전라남도 장성군 장성읍(케냐에스프레소 인근),35.299833993146,126.78157857439,9,9,0,4,4
전라남도,전라남도 장성군 장성읍(장성군청 인근),35.301575632811,126.783755522797,4,4,0,2,1
전라남도,전라남도 장성군 진원면(마흥교차로 인근),35.265155570276,126.805643121131,4,6,0,1,5
전라남도,전라남도 완도군 완도읍(완도농협본점 인근),34.318845024702,126.74689126172,13,29,0,2,27
전라남도,전라남도 완도군 완도읍(강진완도축산농협완도 인근),34.313685149174,126.75667966813,8,9,0,3,6
전라남도,전라남도 완도군 완도읍(현대자동차완도지점 인근),34.317161367027,126.74842441875,7,8,0,0,8
전라남도,전라남도 진도군 진도읍(남동리7781 인근),34.479877250754,126.263726675737,12,15,0,4,11
전라남도,전라남도 진도군 진도읍(남동리7731 인근),34.481640367129,126.259600676121,3,3,0,1,2
전라남도,전라남도 신안군 암태면(암태파출소 인근),34.828931836846,126.114230478937,3,3,0,3,0
전라남도,전라남도 신안군 압해읍(압해읍삼거리 인근),34.865214399336,126.312006947955,3,3,0,2,1
경상북도,경상북도 포항시 북구 죽도동(오거리 인근),36.032785462661,129.365992170716,22,35,0,8,27
경상북도,경상북도 포항시 남구 상도동(한전앞교차로 인근),36.01013146208,129.348018233062,21,49,0,7,31
경상북도,경상북도 포항시 남구 대도동(상공회의소사거리 인근),36.017831563558,129.360779139857,21,33,0,5,26
경상북도,경상북도 경주시 황오동(남영곡물상회 인근),35.841795992778,129.216877013928,15,21,0,5,16
경상북도,경상북도 경주시 용강동(용강네거리 인근),35.867587993278,129.223793013603,14,23,0,6,14
경상북도,경상북도 경주시 서악동(터미널네거리 인근),35.838309993899,129.202616014579,13,20,0,2,18
경상북도,경상북도 김천시 신음동(신음동3941 인근),36.133216109119,128.117769097667,13,18,0,3,14
경상북도,경상북도 김천시 신음동(직지교사거리 인근),36.128341087555,128.118154231434,11,19,0,7,12
경상북도,경상북도 김천시 평화동(성내교회 인근),36.124495306796,128.117940075875,9,9,0,5,4
경상북도,경상북도 안동시 옥동(옥동사거리 인근),36.563366588571,128.702697168547,21,34,0,4,29
경상북도,경상북도 안동시 운흥동(안동역삼거리 인근),36.563143151109,128.732876139331,11,19,0,7,9
경상북도,경상북도 안동시 당북동(제일생명사거리 인근),36.56344230699,128.720741606748,11,16,0,3,12
경상북도,경상북도 구미시 송정동(금오산네거리 인근),36.126598042249,128.336781900267,18,26,0,7,19
경상북도,경상북도 구미시 송정동(상공회의소네거리 인근),36.117617702778,128.351781493024,18,32,0,7,25
경상북도,경상북도 구미시 진평동(인동사거리 인근),36.105914299789,128.419664635018,16,25,0,2,22
경상북도,경상북도 영주시 가흥동(꽃동산회전교차로 인근),36.814139712746,128.618819544392,16,16,0,10,6
경상북도,경상북도 영주시 하망동(하망동3455 인근),36.825594320989,128.625735134874,10,14,0,2,11
경상북도,경상북도 영주시 하망동(동부지구대 인근),36.829452432351,128.634914731735,9,11,1,4,3
경상북도,경상북도 영천시 완산동(금노사거리 인근),35.960469493958,128.93275223305,6,8,0,4,4
경상북도,경상북도 영천시 금호읍(금호강교차로 인근),35.931239525571,128.872231263278,5,5,1,2,2
경상북도,경상북도 영천시 오미동(오미동13556 인근),35.982899472519,128.922820275055,5,7,0,1,6
경상북도,경상북도 상주시 서문동(중앙사거리 인근),36.415666994413,128.15932510657,10,12,1,2,9
경상북도,경상북도 상주시 서성동(냉림동2992 인근),36.42001047528,128.162652855347,8,8,0,5,2
경상북도,경상북도 상주시 무양동(무양동293 인근),36.418370338497,128.151046763499,8,8,0,2,5
경상북도,경상북도 문경시 모전동(모전오거리 인근),36.586683664693,128.191921199605,11,15,0,1,11
경상북도,경상북도 문경시 흥덕동(흥덕동3582 인근),36.604324104047,128.205183240116,9,13,0,1,12
경상북도,경상북도 문경시 점촌동(중앙시장사거리 인근),36.594877867193,128.199040659201,7,7,0,3,2
경상북도,경상북도 경산시 조영동(조영동594 인근),35.837797061974,128.753846377918,22,27,0,1,25
경상북도,경상북도 경산시 중방동(임당네거리 인근),35.83415515033,128.741060294606,14,21,0,6,15
경상북도,경상북도 경산시 압량읍(파스쿠찌대구영남대점 인근),35.839494493665,128.757363919619,14,22,0,3,18
경상북도,경상북도 의성군 의성읍(북원사거리 인근),36.356392931966,128.694105326307,7,10,0,6,4
경상북도,경상북도 의성군 의성읍(후죽리9133 인근),36.349432526468,128.695553857133,6,12,0,3,9
경상북도,경상북도 의성군 의성읍(중리리7122 인근),36.351919515252,128.699356872429,5,7,0,1,6
경상북도,경상북도 영양군 영양읍(농협사거리 인근),36.665780025198,129.114309951488,5,6,0,0,4
경상북도,경상북도 영양군 영양읍(현리1교 인근),36.653899087943,129.109414827376,4,5,1,1,3
경상북도,경상북도 영양군 영양읍(KT&G영양지점 인근),36.662743619892,129.113139513522,4,4,0,2,2
경상북도,경상북도 영덕군 강구면(삼사삼거리 인근),36.351290837876,129.378488045508,6,8,0,0,8
경상북도,경상북도 영덕군 영해면(영해농협본점 인근),36.539027244981,129.406574232749,6,9,0,2,7
경상북도,경상북도 영덕군 영덕읍(남산리307 인근),36.389783627286,129.369587285242,6,10,0,4,6
경상북도,경상북도 청도군 청도읍(고수리47822 인근),35.643822744018,128.742839048393,6,7,0,1,5
경상북도,경상북도 청도군 청도읍(청도어린이도서관 인근),35.647717962308,128.73648985723,6,6,0,2,4
경상북도,경상북도 청도군 풍각면(풍각삼거리 인근),35.64108940035,128.61591398235,5,6,0,0,5
경상북도,경상북도 고령군 대가야읍(고령광장앞교차로 인근),35.729352087321,128.271373700638,7,10,0,1,9
경상북도,경상북도 고령군 대가야읍(대가야지구대 인근),35.725271036721,128.267493518113,4,4,0,1,3
경상북도,경상북도 고령군 대가야읍(장기삼거리 인근),35.729215223096,128.274049438233,3,8,0,0,8
경상북도,경상북도 성주군 성주읍(경산네거리 인근),35.918192119059,128.286715762425,11,13,0,4,9
경상북도,경상북도 성주군 성주읍(경산2교북측 인근),35.91345480978,128.28466796116,9,12,0,1,11
경상북도,경상북도 성주군 성주읍(성산리2021 인근),35.917929445975,128.293198407583,7,10,0,2,7
경상북도,경상북도 칠곡군 왜관읍(중앙교 인근),35.979794922884,128.39864405688,17,26,0,3,21
경상북도,경상북도 칠곡군 왜관읍(왜관IC 인근),35.987990650634,128.396500325832,12,16,0,0,11
경상북도,경상북도 칠곡군 왜관읍(왜관지하도서측 인근),35.996245129296,128.399068723046,9,9,0,1,8
경상북도,경상북도 예천군 호명면(제2행정타운네거리 인근),36.575205210925,128.472753168527,6,9,0,4,5
경상북도,경상북도 예천군 호명면(금능리772 인근),36.577943973009,128.472822338983,4,6,0,1,5
경상북도,경상북도 예천군 풍양면(낙상리8914 인근),36.50632093194,128.300623419937,3,5,0,0,4
경상북도,경상북도 봉화군 봉화읍(커피비 인근),36.890334496106,128.740484700618,4,5,0,1,4
경상북도,경상북도 봉화군 봉화읍(내성리4128 인근),36.888777839792,128.731824543177,4,6,0,1,5
경상북도,경상북도 울진군 평해읍(학곡1교차로 인근),36.703775872624,129.442878042642,3,5,0,2,3
경상남도,경상남도 창원시 성산구 상남동(상남숯불장어앞교차로 인근),35.221677210138,128.683942336077,24,27,0,8,9
경상남도,경상남도 창원시 마산합포구 해운동(월영광장교차로 인근),35.180555382229,128.558373872161,21,26,0,6,15
경상남도,경상남도 창원시 진해구 석동(서부교회 인근),35.158863993483,128.698859012241,21,34,0,3,31
경상남도,경상남도 진주시 칠암동(진주정토회진주정토법 인근),35.185104649564,128.088043574953,12,15,0,11,4
경상남도,경상남도 진주시 옥봉동(구부산교통사거리 인근),35.194169776218,128.088204255024,10,12,0,5,7
경상남도,경상남도 진주시 가좌동(개양오거리 인근),35.159114243333,128.107684951001,9,11,0,3,8
경상남도,경상남도 통영시 무전동(무전동1010 인근),34.857524952126,128.428495842612,26,37,0,8,28
경상남도,경상남도 통영시 무전동(KEB하나은행통영지점 인근),34.859970586485,128.427598419035,18,25,0,6,18
경상남도,경상남도 통영시 항남동(동아인쇄광고석사 인근),34.842136836058,128.420275763919,17,21,0,11,7
경상남도,경상남도 사천시 사천읍(수석5리사거리 인근),35.080246438329,128.083076788365,15,29,0,4,21
경상남도,경상남도 사천시 정동면(사천여고오거리 인근),35.079864215668,128.086485044451,14,20,0,2,17
경상남도,경상남도 사천시 사천읍(수석리2523 인근),35.08314287585,128.085997014752,11,20,0,4,12
경상남도,경상남도 김해시 외동(중앙사거리 인근),35.234536385848,128.866700684504,25,34,0,7,27
경상남도,경상남도 김해시 삼계동(스타벅스김해삼계점 인근),35.261431220477,128.871922886648,24,33,0,9,23
경상남도,경상남도 김해시 부원동(김해외국인력지원센터 인근),35.2335231188,128.881557231098,20,21,0,7,14
경상남도,경상남도 밀양시 상남면(예림사거리 인근),35.469730087471,128.762677232079,13,21,0,4,17
경상남도,경상남도 밀양시 삼문동(남천교 인근),35.487975247157,128.748473049201,10,17,0,6,10
경상남도,경상남도 밀양시 내이동(신촌오거리 인근),35.501288087672,128.741580607268,10,11,0,2,9
경상남도,경상남도 거제시 고현동(한국SGI거제평화문화회 인근),34.891611681345,128.622779450017,21,24,1,6,15
경상남도,경상남도 거제시 고현동(파출소앞 인근),34.8872257228,128.624515490503,17,22,0,3,19
경상남도,경상남도 거제시 고현동(8번교차로 인근),34.892828992874,128.630589076331,15,26,0,9,17
경상남도,경상남도 양산시 중부동(중부동69815 인근),35.335438566637,129.027765096412,22,26,0,9,14
경상남도,경상남도 양산시 덕계동(천불사입구교차로 인근),35.373720616112,129.152368386342,18,27,1,2,19
경상남도,경상남도 양산시 명동(76번교차로 인근),35.406578837241,129.163899482827,14,17,0,5,10
경상남도,경상남도 의령군 의령읍(의병사거리 인근),35.316975609138,128.262191111733,8,8,0,3,4
경상남도,경상남도 의령군 부림면(신반시외버스터미널 인근),35.466096399228,128.324480075797,6,7,0,1,5
경상남도,경상남도 의령군 의령읍(서부삼거리 인근),35.315819337294,128.258478419845,3,3,0,1,2
경상남도,경상남도 함안군 가야읍(말산리4222 인근),35.275502838787,128.405872599744,9,9,0,6,2
경상남도,경상남도 함안군 가야읍(함주교 인근),35.280912618824,128.403105232024,8,12,0,3,9
경상남도,경상남도 함안군 칠원읍(용산교 인근),35.30645043674,128.516663829176,6,6,0,3,3
경상남도,경상남도 창녕군 남지읍(남지리5151 인근),35.392765229931,128.481331236751,6,10,0,3,6
경상남도,경상남도 창녕군 부곡면(원앙삼거리 인근),35.442700492133,128.573013939347,5,5,0,4,1
경상남도,경상남도 창녕군 창녕읍(교리1073 인근),35.542814722018,128.497762564595,5,6,0,4,2
경상남도,경상남도 고성군 고성읍(동외리28725 인근),34.976204414911,128.326033928925,18,20,1,9,10
경상남도,경상남도 고성군 고성읍(고성성당 인근),34.974516743562,128.321887668483,8,9,0,3,6
경상남도,경상남도 고성군 고성읍(창원지방법원통영지원 인근),34.971929765455,128.327619035293,5,6,0,1,5
경상남도,경상남도 남해군 남해읍(창원지방법원진주지원 인근),34.840937044221,127.893940555014,7,11,0,7,1
경상남도,경상남도 남해군 남해읍(남변사거리 인근),34.833481087095,127.899326543486,4,5,0,3,1
경상남도,경상남도 남해군 남해읍(남해군산림조합 인근),34.835203180894,127.894716012535,4,5,0,0,3
경상남도,경상남도 하동군 금남면(계천사거리 인근),34.996205587227,127.811401480894,5,8,0,2,6
경상남도,경상남도 하동군 진교면(수협은행진교지점 인근),35.026356836407,127.903884481185,4,4,0,4,0
경상남도,경상남도 하동군 화개면(영남순복음교회 인근),35.246409553861,127.641876294855,4,7,0,2,5
경상남도,경상남도 산청군 신안면(원지삼거리 인근),35.303435649338,127.972410544013,6,9,0,3,6
경상남도,경상남도 산청군 산청읍(옥산리1601 인근),35.414647390964,127.875414796057,6,8,0,1,5
경상남도,경상남도 산청군 산청읍(산청리1684 인근),35.416717307457,127.877332623703,4,6,0,3,3
경상남도,경상남도 함양군 함양읍(교산리1111 인근),35.521006813511,127.730264820366,10,13,0,1,11
경상남도,경상남도 함양군 함양읍(주차장사거리앞교차로 인근),35.521559617779,127.733542780875,7,9,0,4,2
경상남도,경상남도 함양군 함양읍(함양3교 인근),35.519287680279,127.722653669032,4,7,0,1,6
경상남도,경상남도 거창군 거창읍(대동로타리교차로 인근),35.687759183733,127.915834565514,12,13,0,5,7
경상남도,경상남도 거창군 거창읍(김천사거리 인근),35.680384274408,127.912053294925,8,9,0,4,4
경상남도,경상남도 거창군 거창읍(중앙교사거리 인근),35.68501092211,127.917024055617,6,8,0,5,3
경상남도,경상남도 합천군 합천읍(봄봄테이크아웃 인근),35.567106555319,128.161125481857,8,8,0,4,2
경상남도,경상남도 합천군 합천읍(중앙교차로 인근),35.568207837218,128.163284825136,6,8,0,6,1
경상남도,경상남도 합천군 가회면(합천가회우체국 인근),35.435543149496,128.033492357088,4,9,0,3,6
제주도,제주특별자치도 제주시 연동(노형동952 인근),33.483905648069,126.484824557403,33,48,0,4,32
제주도,제주특별자치도 제주시 연동(그랜드호텔사거리 인근),33.485884898511,126.489978636801,25,28,0,6,20
제주도,제주특별자치도 제주시 용담이동(용문로4 인근),33.505477928805,126.496260104516,24,36,0,1,31
제주도,제주특별자치도 서귀포시 서홍동(중앙로터리 인근),33.252711737904,126.561123952605,31,59,0,7,47
제주도,제주특별자치도 서귀포시 서귀동(천지동사무소앞교차로 인근),33.247607008804,126.561943146855,16,23,1,5,13
제주도,제주특별자치도 서귀포시 서귀동(동문로터리 인근),33.248633049823,126.567766213936,15,19,0,2,15
