연도,시도,시군구,사고건수,사망자수,부상자수,치사율,차대사람,차대차,차량단독,철길건널목,과속,중앙선 침범,신호위반,안전거리 미확보,안전운전 의무 불이행,보행자 보호의무 위반,교차로 통행방법 위반,기타
2019,강원도,강원도 강릉시,888,14,1360,1.58,187,682,19,0,5,54,99,9,661,1,43,16
2019,강원도,강원도 고성군,138,1,220,0.72,14,121,3,0,0,15,9,14,92,2,0,6
2019,강원도,강원도 동해시,358,7,494,1.96,69,273,15,1,0,10,33,51,179,20,26,39
2019,강원도,강원도 삼척시,414,16,642,3.86,76,291,47,0,3,27,28,52,210,18,19,57
2019,강원도,강원도 속초시,391,8,592,2.05,97,287,7,0,0,18,40,13,211,24,15,70
2019,강원도,강원도 양구군,88,2,156,2.27,16,64,8,0,4,8,2,1,34,22,5,12
2019,강원도,강원도 양양군,178,9,345,5.06,34,129,15,0,1,13,10,9,114,13,1,17
2019,강원도,강원도 영월군,156,4,252,2.56,28,101,27,0,2,13,1,9,84,28,10,9
2019,강원도,강원도 원주시,1985,34,3000,1.71,336,1597,52,0,6,85,268,209,962,199,98,158
2019,강원도,강원도 인제군,94,8,148,8.51,13,70,11,0,5,17,4,5,58,0,1,4
2019,강원도,강원도 정선군,107,6,169,5.61,21,83,3,0,4,18,9,1,63,5,4,3
2019,강원도,강원도 철원군,144,12,220,8.33,15,117,12,0,1,19,8,6,52,25,4,29
2019,강원도,강원도 춘천시,1590,23,2443,1.45,285,1262,43,0,3,93,167,221,719,173,86,128
2019,강원도,강원도 태백시,177,2,267,1.13,41,125,11,0,1,11,9,0,117,13,11,15
2019,강원도,강원도 평창군,183,5,344,2.73,24,146,13,0,5,24,16,8,117,2,5,6
2019,강원도,강원도 홍천군,359,16,551,4.46,66,259,34,0,4,26,9,29,183,73,11,24
2019,강원도,강원도 화천군,101,9,178,8.91,20,71,10,0,4,19,4,1,61,9,1,2
2019,강원도,강원도 횡성군,203,9,371,4.43,30,161,12,0,4,28,11,9,123,12,3,13
2019,경기도,경기도 가평군,396,8,678,2.02,58,304,34,0,3,37,29,63,177,18,10,59
2019,경기도,경기도 고양시,3916,39,5794,1.0,707,3045,162,2,18,125,649,345,2081,285,130,283
2019,경기도,경기도 과천시,237,1,380,0.42,28,198,11,0,1,8,24,29,145,3,3,24
2019,경기도,경기도 광명시,1068,9,1504,0.84,231,789,48,0,0,27,175,198,474,86,27,81
2019,경기도,경기도 광주시,1867,20,2871,1.07,320,1441,106,0,11,128,132,207,1066,112,58,153
2019,경기도,경기도 구리시,751,6,1103,0.8,176,549,26,0,4,5,97,125,424,32,29,35
2019,경기도,경기도 군포시,650,3,1024,0.46,162,471,17,0,4,17,76,32,434,25,30,32
2019,경기도,경기도 김포시,1792,24,2787,1.34,321,1394,77,0,15,69,254,114,890,235,59,156
2019,경기도,경기도 남양주시,2411,31,3843,1.29,453,1854,104,0,7,150,321,243,1281,182,72,155
2019,경기도,경기도 동두천시,417,6,565,1.44,90,310,17,0,2,20,46,33,210,25,20,61
2019,경기도,경기도 부천시,3667,23,5108,0.63,891,2619,157,0,7,112,449,283,1987,335,145,349
2019,경기도,경기도 성남시,3801,39,5745,1.03,794,2828,179,0,11,106,485,524,2113,205,138,219
2019,경기도,경기도 수원시,4920,31,7044,0.63,1013,3751,156,0,22,151,747,663,2392,362,147,436
2019,경기도,경기도 시흥시,2480,30,3880,1.21,361,2031,88,0,26,77,418,366,1191,181,43,178
2019,경기도,경기도 안산시,3965,27,5942,0.68,653,3187,125,0,20,134,516,389,2107,379,87,333
2019,경기도,경기도 안성시,1014,16,1734,1.58,141,808,65,0,8,72,84,77,537,79,25,132
2019,경기도,경기도 안양시,1616,20,2366,1.24,337,1202,77,0,8,42,269,243,803,84,43,124
2019,경기도,경기도 양주시,1118,19,1685,1.7,144,899,75,0,4,57,172,147,549,98,17,74
2019,경기도,경기도 양평군,591,13,955,2.2,88,467,36,0,4,67,24,6,383,66,24,17
2019,경기도,경기도 여주시,592,17,983,2.87,71,460,61,0,10,37,58,28,383,31,7,38
2019,경기도,경기도 연천군,196,11,308,5.61,37,145,14,0,8,16,19,23,88,13,4,25
2019,경기도,경기도 오산시,1057,7,1582,0.66,180,855,22,0,6,33,160,77,615,95,31,40
2019,경기도,경기도 용인시,3485,34,5698,0.98,560,2795,130,0,11,138,398,236,2161,244,133,164
2019,경기도,경기도 의왕시,488,10,780,2.05,83,381,24,0,1,13,56,49,325,9,8,27
2019,경기도,경기도 의정부시,1704,17,2462,1.0,433,1209,62,0,9,45,235,148,880,172,75,140
2019,경기도,경기도 이천시,1102,33,1687,2.99,209,858,35,0,6,57,170,78,614,43,25,109
2019,경기도,경기도 파주시,1658,21,2408,1.27,319,1261,78,0,7,90,235,85,897,172,48,124
2019,경기도,경기도 평택시,3527,51,5730,1.45,553,2843,131,0,11,106,504,257,1914,221,73,441
2019,경기도,경기도 포천시,887,15,1475,1.69,122,708,57,0,4,72,116,83,464,62,15,71
2019,경기도,경기도 하남시,1082,17,1605,1.57,164,866,52,0,3,36,165,99,611,93,37,38
2019,경기도,경기도 화성시,3008,33,4782,1.1,451,2438,119,0,27,156,448,230,1641,247,85,174
2019,경상남도,경상남도 거제시,1011,17,1500,1.68,180,780,51,0,3,50,106,95,536,83,51,87
2019,경상남도,경상남도 거창군,250,15,320,6.0,38,186,26,0,1,14,23,8,181,2,4,17
2019,경상남도,경상남도 고성군,266,10,383,3.76,49,202,15,0,1,16,27,22,123,31,6,40
2019,경상남도,경상남도 김해시,2318,32,3450,1.38,419,1795,104,0,7,88,332,145,1371,159,71,145
2019,경상남도,경상남도 남해군,192,8,297,4.17,43,112,37,0,1,17,4,2,151,10,4,3
2019,경상남도,경상남도 밀양시,532,23,728,4.32,124,385,23,0,3,34,58,7,349,41,28,12
2019,경상남도,경상남도 사천시,668,11,1041,1.65,152,476,40,0,0,31,56,16,424,5,28,108
2019,경상남도,경상남도 산청군,173,2,297,1.16,27,121,25,0,0,25,12,3,99,28,3,3
2019,경상남도,경상남도 양산시,1286,25,1851,1.94,228,1002,56,0,12,61,170,143,596,128,42,134
2019,경상남도,경상남도 의령군,143,5,214,3.5,26,102,15,0,0,9,12,6,67,32,2,15
2019,경상남도,경상남도 진주시,842,28,1082,3.33,277,529,36,0,1,49,141,52,453,22,72,52
2019,경상남도,경상남도 창녕군,333,7,500,2.1,48,260,25,0,1,35,37,10,195,1,4,50
2019,경상남도,경상남도 창원시,3245,62,4524,1.91,838,2248,159,0,18,128,421,185,2035,108,154,196
2019,경상남도,경상남도 통영시,716,3,1135,0.42,176,509,31,0,3,34,70,105,322,63,31,88
2019,경상남도,경상남도 하동군,143,11,205,7.69,26,97,20,0,0,16,10,4,84,24,2,3
2019,경상남도,경상남도 함안군,327,17,494,5.2,55,238,34,0,3,16,29,9,222,23,10,15
2019,경상남도,경상남도 함양군,201,7,300,3.48,30,129,42,0,1,10,19,4,106,50,3,8
2019,경상남도,경상남도 합천군,184,10,242,5.43,30,120,34,0,3,15,10,3,120,18,4,11
2019,경상북도,경상북도 경산시,1239,22,1683,1.78,281,908,50,0,8,59,139,94,674,115,60,90
2019,경상북도,경상북도 경주시,1741,35,2714,2.01,271,1336,134,0,8,118,167,35,1259,14,41,99
2019,경상북도,경상북도 고령군,163,4,242,2.45,17,134,12,0,0,10,5,10,80,41,2,15
2019,경상북도,경상북도 구미시,2027,30,2989,1.48,318,1615,94,0,7,104,229,117,1146,223,75,126
2019,경상북도,경상북도 군위군(구),135,18,227,13.33,23,99,13,0,0,18,10,6,83,6,1,11
2019,경상북도,경상북도 김천시,683,17,952,2.49,139,497,47,0,6,37,70,19,389,95,30,37
2019,경상북도,경상북도 문경시,406,8,631,1.97,56,305,45,0,3,22,14,16,284,10,12,45
2019,경상북도,경상북도 봉화군,149,5,239,3.36,16,90,43,0,1,15,7,1,111,1,1,12
2019,경상북도,경상북도 상주시,630,26,893,4.13,75,481,74,0,5,25,43,12,411,96,18,20
2019,경상북도,경상북도 성주군,289,11,416,3.81,31,214,44,0,3,20,22,6,232,1,1,4
2019,경상북도,경상북도 안동시,1045,31,1562,2.97,164,793,88,0,8,41,77,100,623,48,40,108
2019,경상북도,경상북도 영덕군,234,9,344,3.85,38,163,33,0,1,23,7,10,151,16,1,25
2019,경상북도,경상북도 영양군,64,2,95,3.13,15,35,14,0,0,6,1,0,39,0,0,18
2019,경상북도,경상북도 영주시,555,11,741,1.98,127,400,28,0,2,25,31,2,378,71,27,19
2019,경상북도,경상북도 영천시,793,23,1351,2.9,114,608,70,1,10,50,59,44,489,56,18,67
2019,경상북도,경상북도 예천군,206,6,306,2.91,24,162,20,0,1,14,14,7,150,6,0,14
2019,경상북도,경상북도 울릉군,18,0,62,0.0,4,8,6,0,0,0,1,0,13,3,0,1
2019,경상북도,경상북도 울진군,171,6,235,3.51,26,122,23,0,0,20,6,7,93,16,3,26
2019,경상북도,경상북도 의성군,241,20,334,8.3,32,182,27,0,3,22,20,11,128,8,4,45
2019,경상북도,경상북도 청도군,212,13,323,6.13,26,156,30,0,0,22,14,4,124,25,7,16
2019,경상북도,경상북도 청송군,89,7,126,7.87,10,62,17,0,1,20,5,2,45,10,1,5
2019,경상북도,경상북도 칠곡군,781,17,1236,2.18,108,606,67,0,3,33,52,39,479,91,21,63
2019,경상북도,경상북도 포항시,2777,33,4269,1.19,480,2207,90,0,12,130,262,178,1533,191,82,389
2019,광주광역시,광주광역시 광산구,2129,15,3531,0.7,307,1747,75,0,13,77,285,302,1056,193,51,152
2019,광주광역시,광주광역시 남구,900,6,1370,0.67,195,681,24,0,0,28,96,148,413,122,32,61
2019,광주광역시,광주광역시 동구,604,6,933,0.99,162,427,15,0,1,19,84,101,282,50,20,47
2019,광주광역시,광주광역시 북구,2430,15,3801,0.62,507,1842,81,0,4,80,240,264,1375,224,55,188
2019,광주광역시,광주광역시 서구,2106,7,3441,0.33,325,1727,54,0,5,58,223,303,1098,162,54,203
2019,대구광역시,대구광역시 남구,902,4,1318,0.44,196,686,20,0,3,22,94,90,476,57,35,125
2019,대구광역시,대구광역시 달서구,3679,17,5381,0.46,699,2913,67,0,20,72,356,575,1869,317,118,352
2019,대구광역시,대구광역시 달성군,966,22,1434,2.28,136,802,28,0,9,24,96,50,630,73,21,63
2019,대구광역시,대구광역시 동구,1954,19,2975,0.97,341,1547,66,0,13,56,184,264,1056,156,48,177
2019,대구광역시,대구광역시 북구,2413,22,3544,0.91,400,1947,66,0,10,49,261,384,1275,146,66,222
2019,대구광역시,대구광역시 서구,1317,8,1958,0.61,247,1035,35,0,10,32,147,182,707,74,26,139
2019,대구광역시,대구광역시 수성구,2436,9,3663,0.37,405,1975,56,0,7,28,228,295,1470,136,78,194
2019,대구광역시,대구광역시 중구,869,11,1325,1.27,218,631,20,0,5,15,87,134,470,34,31,93
2019,대전광역시,대전광역시 대덕구,855,14,1208,1.64,185,655,15,0,2,20,120,42,512,62,44,53
2019,대전광역시,대전광역시 동구,1430,14,2162,0.98,252,1115,63,0,5,39,207,124,781,147,42,85
2019,대전광역시,대전광역시 서구,2677,23,4096,0.86,562,2031,84,0,8,82,410,279,1530,140,110,118
2019,대전광역시,대전광역시 유성구,2027,14,3161,0.69,273,1698,56,0,4,65,360,248,1081,140,48,81
2019,대전광역시,대전광역시 중구,1348,12,2022,0.89,323,976,49,0,3,41,203,139,720,92,58,92
2019,부산광역시,부산광역시 강서구,669,8,916,1.2,69,573,27,0,7,17,111,97,380,18,10,29
2019,부산광역시,부산광역시 금정구,801,6,1082,0.75,253,525,23,0,2,24,69,94,399,63,55,95
2019,부산광역시,부산광역시 기장군,505,10,806,1.98,116,373,16,0,2,29,67,61,235,63,27,21
2019,부산광역시,부산광역시 남구,901,5,1175,0.55,267,605,29,0,4,19,107,58,550,81,36,46
2019,부산광역시,부산광역시 동구,574,3,826,0.52,142,406,26,0,1,16,57,76,276,65,31,52
2019,부산광역시,부산광역시 동래구,1103,6,1482,0.54,308,760,35,0,2,27,134,104,609,91,70,66
2019,부산광역시,부산광역시 부산진구,1688,14,2304,0.83,538,1105,45,0,4,51,304,177,807,92,97,156
2019,부산광역시,부산광역시 북구,701,10,973,1.43,200,476,25,0,1,28,92,108,366,29,38,39
2019,부산광역시,부산광역시 사상구,1100,13,1528,1.18,268,783,49,0,4,28,110,97,597,79,48,137
2019,부산광역시,부산광역시 사하구,1110,12,1529,1.08,279,802,29,0,4,40,153,129,576,62,42,104
2019,부산광역시,부산광역시 서구,474,2,684,0.42,136,313,25,0,0,20,73,46,253,26,23,33
2019,부산광역시,부산광역시 수영구,791,4,1069,0.51,211,559,21,0,0,24,77,72,452,73,23,70
2019,부산광역시,부산광역시 연제구,868,3,1183,0.35,220,624,24,0,2,14,130,120,377,82,44,99
2019,부산광역시,부산광역시 영도구,348,3,464,0.86,117,211,20,0,0,23,32,29,201,15,17,31
2019,부산광역시,부산광역시 중구,295,1,384,0.34,98,186,11,0,2,9,35,19,169,34,14,13
2019,부산광역시,부산광역시 해운대구,1064,16,1427,1.5,278,752,34,0,2,41,158,122,541,71,61,68
2019,서울특별시,서울특별시 강남구,3722,14,5182,0.38,825,2832,65,0,13,76,330,515,2150,154,125,359
2019,서울특별시,서울특별시 강동구,1414,11,1910,0.78,437,944,33,0,4,33,164,148,813,50,80,122
2019,서울특별시,서울특별시 강북구,1277,7,1706,0.55,398,827,52,0,1,48,150,123,727,34,50,144
2019,서울특별시,서울특별시 강서구,1829,20,2491,1.09,469,1298,62,0,7,71,251,179,1081,36,82,122
2019,서울특별시,서울특별시 관악구,1363,10,1755,0.73,352,964,47,0,4,30,165,190,730,86,39,119
2019,서울특별시,서울특별시 광진구,973,3,1316,0.31,260,682,31,0,1,16,113,102,549,64,24,104
2019,서울특별시,서울특별시 구로구,1529,13,2096,0.85,408,1074,47,0,4,41,244,166,857,43,65,109
2019,서울특별시,서울특별시 금천구,920,9,1353,0.98,259,626,35,0,2,32,133,102,547,6,39,59
2019,서울특별시,서울특별시 노원구,1703,8,2302,0.47,415,1254,34,0,7,42,225,217,956,48,72,136
2019,서울특별시,서울특별시 도봉구,852,4,1163,0.47,263,554,35,0,3,30,154,67,445,17,42,94
2019,서울특별시,서울특별시 동대문구,1565,15,1988,0.96,424,1091,50,0,4,45,211,226,818,38,55,168
2019,서울특별시,서울특별시 동작구,1406,5,2021,0.36,399,961,46,0,4,37,147,185,757,57,74,145
2019,서울특별시,서울특별시 마포구,1494,7,2123,0.47,360,1094,40,0,4,37,166,210,830,51,43,153
2019,서울특별시,서울특별시 서대문구,1113,14,1609,1.26,326,736,51,0,1,36,147,92,655,41,60,81
2019,서울특별시,서울특별시 서초구,2418,14,3530,0.58,461,1892,65,0,11,56,238,429,1329,66,73,216
2019,서울특별시,서울특별시 성동구,1091,13,1439,1.19,225,831,35,0,2,24,153,167,589,50,32,74
2019,서울특별시,서울특별시 성북구,1509,8,2007,0.53,406,1038,65,0,2,43,213,230,772,45,67,137
2019,서울특별시,서울특별시 송파구,2892,13,4003,0.45,592,2210,90,0,4,85,390,419,1620,87,84,203
2019,서울특별시,서울특별시 양천구,1506,11,2085,0.73,373,1097,36,0,2,27,162,237,890,44,67,77
2019,서울특별시,서울특별시 영등포구,2439,11,3451,0.45,565,1815,59,0,7,72,331,293,1446,42,98,150
2019,서울특별시,서울특별시 용산구,1187,10,1614,0.84,259,896,32,0,6,45,116,216,674,25,41,64
2019,서울특별시,서울특별시 은평구,1119,7,1464,0.63,361,703,55,0,0,35,177,66,637,38,51,115
2019,서울특별시,서울특별시 종로구,1133,6,1559,0.53,305,781,47,0,0,24,155,188,613,45,40,68
2019,서울특별시,서울특별시 중구,1184,5,1615,0.42,284,862,38,0,4,28,174,279,576,29,41,53
2019,서울특별시,서울특별시 중랑구,1620,12,2122,0.74,470,1088,62,0,5,61,189,213,781,129,71,171
2019,세종특별자치시,세종특별자치시,922,15,1301,1.63,143,730,49,0,3,36,154,52,587,17,26,47
2019,울산광역시,울산광역시 남구,1383,9,1925,0.65,323,1006,54,0,3,62,182,119,762,94,54,107
2019,울산광역시,울산광역시 동구,628,1,817,0.16,151,450,27,0,1,33,98,35,363,10,27,61
2019,울산광역시,울산광역시 북구,693,13,1110,1.88,116,536,41,0,6,39,117,86,305,45,32,63
2019,울산광역시,울산광역시 울주군,906,27,1373,2.98,166,665,75,0,8,58,97,105,420,107,31,80
2019,울산광역시,울산광역시 중구,737,5,1076,0.68,202,503,32,0,1,31,105,90,384,33,45,48
2019,인천광역시,인천광역시 강화군,200,10,278,5.0,43,149,8,0,2,26,18,5,105,23,6,15
2019,인천광역시,인천광역시 계양구,879,10,1190,1.14,198,658,23,0,2,25,109,99,484,56,33,71
2019,인천광역시,인천광역시 남동구,1937,23,2747,1.19,369,1506,62,0,9,49,270,186,1101,165,69,88
2019,인천광역시,인천광역시 동구,154,3,215,1.95,38,115,1,0,3,4,24,15,85,8,8,7
2019,인천광역시,인천광역시 미추홀구,1229,17,1641,1.38,358,843,28,0,4,32,140,45,853,31,43,81
2019,인천광역시,인천광역시 부평구,1278,16,1709,1.25,315,931,32,0,1,34,131,90,850,54,59,59
2019,인천광역시,인천광역시 서구,1688,20,2406,1.18,322,1313,53,0,8,55,248,62,1174,34,53,54
2019,인천광역시,인천광역시 연수구,670,10,955,1.49,134,524,12,0,1,22,108,45,367,57,30,40
2019,인천광역시,인천광역시 옹진군,32,3,55,9.38,6,15,11,0,1,4,1,0,23,3,0,0
2019,인천광역시,인천광역시 중구,631,6,1062,0.95,108,505,18,0,10,11,110,73,336,42,28,21
2019,전라남도,전라남도 강진군,321,6,523,1.87,41,206,74,0,2,35,14,18,159,28,4,61
2019,전라남도,전라남도 고흥군,329,17,595,5.17,46,225,58,0,4,25,7,7,208,52,1,25
2019,전라남도,전라남도 곡성군,153,9,271,5.88,17,106,30,0,2,10,3,8,92,9,2,27
2019,전라남도,전라남도 광양시,739,17,1142,2.3,100,578,61,0,4,35,75,70,327,122,17,89
2019,전라남도,전라남도 구례군,142,7,228,4.93,32,96,14,0,1,11,3,5,90,15,3,14
2019,전라남도,전라남도 나주시,646,25,1120,3.87,58,530,58,0,0,43,65,78,318,30,7,105
2019,전라남도,전라남도 담양군,321,12,594,3.74,35,242,44,0,7,27,15,21,178,25,2,46
2019,전라남도,전라남도 목포시,1818,13,3127,0.72,349,1431,38,0,10,57,196,111,1022,183,57,182
2019,전라남도,전라남도 무안군,395,17,579,4.3,61,313,21,0,6,24,32,15,228,52,6,32
2019,전라남도,전라남도 보성군,276,15,440,5.43,41,187,47,1,1,20,19,21,141,25,5,44
2019,전라남도,전라남도 순천시,1462,28,2344,1.92,252,1146,63,1,8,49,139,102,763,143,66,192
2019,전라남도,전라남도 신안군,141,3,269,2.13,21,108,12,0,2,28,1,3,80,11,2,14
2019,전라남도,전라남도 여수시,1567,27,2408,1.72,337,1168,62,0,7,82,168,104,837,175,59,135
2019,전라남도,전라남도 영광군,225,11,347,4.89,42,157,26,0,5,13,8,14,121,5,5,54
2019,전라남도,전라남도 영암군,493,11,899,2.23,49,390,54,0,7,29,50,13,365,9,0,20
2019,전라남도,전라남도 완도군,186,4,299,2.15,36,116,34,0,3,21,5,9,124,10,2,12
2019,전라남도,전라남도 장성군,270,7,476,2.59,32,210,28,0,1,13,18,5,195,19,2,17
2019,전라남도,전라남도 장흥군,301,11,466,3.65,44,213,44,0,4,21,19,6,177,38,2,34
2019,전라남도,전라남도 진도군,140,12,223,8.57,23,103,14,0,6,19,7,8,69,23,1,7
2019,전라남도,전라남도 함평군,193,9,297,4.66,24,141,28,0,3,17,7,5,114,19,1,27
2019,전라남도,전라남도 해남군,434,22,712,5.07,60,327,47,0,4,46,28,7,242,61,0,46
2019,전라남도,전라남도 화순군,325,11,546,3.38,66,226,33,0,5,24,16,19,177,40,6,38
2019,전라북도,전라북도 고창군,173,15,282,8.67,35,131,7,0,3,21,31,11,67,12,8,20
2019,전라북도,전라북도 군산시,1225,25,1915,2.04,260,935,29,1,11,38,180,87,631,81,75,122
2019,전라북도,전라북도 김제시,481,23,874,4.78,95,366,20,0,5,22,57,27,244,28,21,77
2019,전라북도,전라북도 남원시,311,8,440,2.57,60,223,28,0,7,30,25,3,183,21,11,31
2019,전라북도,전라북도 무주군,125,9,220,7.2,17,85,23,0,5,16,8,0,83,1,2,10
2019,전라북도,전라북도 부안군,298,18,516,6.04,63,202,33,0,9,20,43,3,160,10,7,46
2019,전라북도,전라북도 순창군,110,9,134,8.18,16,75,19,0,0,8,12,2,69,7,1,11
2019,전라북도,전라북도 완주군,278,17,422,6.12,48,216,14,0,4,20,48,27,140,8,9,22
2019,전라북도,전라북도 익산시,1396,34,2007,2.44,289,1073,34,0,10,71,243,104,670,49,61,188
2019,전라북도,전라북도 임실군,115,7,181,6.09,17,89,9,0,1,10,12,9,52,21,2,8
2019,전라북도,전라북도 장수군,65,11,78,16.92,17,33,15,0,2,6,3,3,36,6,0,9
2019,전라북도,전라북도 전주시,2365,35,3541,1.48,602,1722,41,0,19,102,462,183,1083,106,162,248
2019,전라북도,전라북도 정읍시,596,20,904,3.36,128,439,29,0,5,37,96,31,254,15,34,124
2019,전라북도,전라북도 진안군,77,7,137,9.09,9,47,21,0,0,8,3,2,50,1,1,12
2019,제주도,제주도 서귀포시,1273,26,2052,2.04,207,933,133,0,9,74,112,116,576,88,51,247
2019,제주도,제주도 제주시,3139,40,4766,1.27,653,2348,138,0,19,137,318,413,1397,286,167,402
2019,충청남도,충청남도 계룡시,55,1,98,1.82,8,44,3,0,1,5,10,0,30,3,2,4
2019,충청남도,충청남도 공주시,608,22,1034,3.62,91,463,54,0,11,45,58,16,383,14,26,55
2019,충청남도,충청남도 금산군,150,7,209,4.67,40,98,12,0,2,19,8,1,88,17,7,8
2019,충청남도,충청남도 논산시,476,26,744,5.46,92,344,40,0,5,38,49,14,262,48,14,46
2019,충청남도,충청남도 당진시,783,33,1207,4.21,124,610,49,0,4,63,67,67,390,86,34,72
2019,충청남도,충청남도 보령시,479,16,704,3.34,136,311,31,1,6,32,50,18,266,5,30,72
2019,충청남도,충청남도 부여군,222,16,278,7.21,48,152,22,0,3,24,20,3,133,14,8,17
2019,충청남도,충청남도 서산시,839,26,1268,3.1,148,638,53,0,11,44,106,44,452,35,34,113
2019,충청남도,충청남도 서천군,323,18,462,5.57,58,223,42,0,2,27,26,9,176,12,12,59
2019,충청남도,충청남도 아산시,1083,36,1521,3.32,211,833,39,0,5,60,166,12,744,24,45,27
2019,충청남도,충청남도 예산군,397,17,580,4.28,70,299,28,0,1,33,56,38,166,8,14,81
2019,충청남도,충청남도 천안시,3137,42,4653,1.34,538,2512,87,0,13,176,334,296,1730,228,117,243
2019,충청남도,충청남도 청양군,191,10,271,5.24,30,119,42,0,4,15,12,4,139,6,1,10
2019,충청남도,충청남도 태안군,320,17,584,5.31,55,229,36,0,3,35,36,16,162,25,6,37
2019,충청남도,충청남도 홍성군,341,21,474,6.16,82,241,18,0,8,20,27,4,244,16,12,10
2019,충청북도,충청북도 괴산군,190,10,297,5.26,26,138,26,0,1,25,8,9,120,1,3,23
2019,충청북도,충청북도 단양군,157,10,279,6.37,21,112,24,0,2,18,8,18,91,1,3,16
2019,충청북도,충청북도 보은군,165,13,294,7.88,27,115,23,0,3,10,7,10,98,29,2,6
2019,충청북도,충청북도 영동군,218,9,334,4.13,30,164,24,0,3,16,19,2,139,12,2,25
2019,충청북도,충청북도 옥천군,236,7,343,2.97,42,176,18,0,0,9,18,11,115,43,16,24
2019,충청북도,충청북도 음성군,663,18,1094,2.71,81,541,41,0,6,52,47,55,301,126,10,66
2019,충청북도,충청북도 제천시,870,19,1473,2.18,151,673,46,0,5,44,107,127,374,34,27,152
2019,충청북도,충청북도 증평군,210,6,297,2.86,42,157,11,0,2,3,51,19,97,3,9,26
2019,충청북도,충청북도 진천군,516,11,840,2.13,55,418,43,0,4,23,46,57,266,17,13,90
2019,충청북도,충청북도 청주시,4949,49,7938,0.99,681,4092,176,0,20,189,615,460,2664,512,128,361
2019,충청북도,충청북도 충주시,1364,36,2350,2.64,177,1124,63,0,4,55,172,128,799,42,31,133
2020,강원도,강원도 강릉시,848,18,1221,2.12,162,663,23,0,8,58,99,4,626,3,32,18
2020,강원도,강원도 고성군,129,2,206,1.55,21,103,5,0,3,8,12,10,91,0,0,5
2020,강원도,강원도 동해시,296,4,419,1.35,70,217,9,0,4,19,32,21,153,20,22,25
2020,강원도,강원도 삼척시,356,5,558,1.4,47,268,41,0,2,23,23,49,227,1,7,24
2020,강원도,강원도 속초시,446,1,699,0.22,78,362,6,0,0,20,41,17,276,49,9,34
2020,강원도,강원도 양구군,77,2,165,2.6,6,58,13,0,2,9,5,5,37,3,2,14
2020,강원도,강원도 양양군,165,5,270,3.03,27,128,10,0,1,13,9,6,112,13,2,9
2020,강원도,강원도 영월군,154,7,227,4.55,26,106,22,0,1,17,5,14,67,33,6,11
2020,강원도,강원도 원주시,1830,23,2788,1.26,266,1527,37,0,8,72,246,199,888,163,92,162
2020,강원도,강원도 인제군,82,3,126,3.66,7,71,4,0,2,13,4,5,54,0,1,3
2020,강원도,강원도 정선군,101,3,156,2.97,18,77,6,0,3,17,5,1,61,1,4,9
2020,강원도,강원도 철원군,150,6,204,4.0,24,115,11,0,2,14,10,4,65,20,6,29
2020,강원도,강원도 춘천시,1380,23,2076,1.67,218,1117,45,0,2,64,157,138,669,132,54,164
2020,강원도,강원도 태백시,170,1,270,0.59,30,131,9,0,1,12,21,9,76,35,8,8
2020,강원도,강원도 평창군,154,5,239,3.25,19,125,10,0,5,19,9,5,103,3,3,7
2020,강원도,강원도 홍천군,357,10,573,2.8,51,280,26,0,3,28,9,43,147,39,10,78
2020,강원도,강원도 화천군,121,8,207,6.61,15,87,19,0,5,14,1,4,78,14,1,4
2020,강원도,강원도 횡성군,223,7,375,3.14,26,176,21,0,1,21,8,5,167,7,3,11
2020,경기도,경기도 가평군,364,5,595,1.37,54,280,30,0,4,28,24,56,187,12,4,49
2020,경기도,경기도 고양시,3586,37,5112,1.03,544,2893,149,0,17,100,522,295,1991,304,91,266
2020,경기도,경기도 과천시,187,6,290,3.21,18,162,7,0,4,7,13,43,105,7,1,7
2020,경기도,경기도 광명시,964,4,1377,0.41,178,740,46,0,3,25,170,166,416,77,22,85
2020,경기도,경기도 광주시,1930,27,2924,1.4,253,1606,71,0,6,129,149,198,1101,162,43,142
2020,경기도,경기도 구리시,758,6,1097,0.79,154,582,22,0,1,14,73,146,399,42,33,50
2020,경기도,경기도 군포시,709,9,1043,1.27,133,543,33,0,5,14,118,40,449,17,24,42
2020,경기도,경기도 김포시,1687,29,2632,1.72,222,1398,67,0,24,83,242,136,834,203,43,122
2020,경기도,경기도 남양주시,2255,32,3419,1.42,375,1756,124,0,11,124,255,263,1307,122,62,111
2020,경기도,경기도 동두천시,329,4,456,1.22,58,260,11,0,1,12,46,22,171,21,16,40
2020,경기도,경기도 부천시,3364,23,4716,0.68,673,2590,101,0,5,84,378,298,1766,369,118,346
2020,경기도,경기도 성남시,3640,31,5204,0.85,650,2837,153,0,11,79,521,501,2040,208,111,169
2020,경기도,경기도 수원시,4480,29,6459,0.65,831,3508,141,0,21,153,631,633,2210,281,122,429
2020,경기도,경기도 시흥시,2293,26,3497,1.13,267,1972,54,0,19,92,337,436,1010,202,36,161
2020,경기도,경기도 안산시,3931,35,5753,0.89,512,3308,111,0,25,136,498,457,2054,386,56,319
2020,경기도,경기도 안성시,1075,13,1779,1.21,102,921,52,0,13,66,114,109,508,94,20,151
2020,경기도,경기도 안양시,1337,9,1958,0.67,246,1040,51,0,9,39,236,221,591,104,33,104
2020,경기도,경기도 양주시,1027,14,1520,1.36,126,844,57,0,10,65,141,169,478,84,12,68
2020,경기도,경기도 양평군,553,9,920,1.63,88,435,30,0,5,52,24,21,393,36,13,9
2020,경기도,경기도 여주시,507,16,859,3.16,63,410,34,0,8,36,53,24,314,21,2,49
2020,경기도,경기도 연천군,203,5,316,2.46,29,158,16,0,2,15,16,26,98,13,4,29
2020,경기도,경기도 오산시,1090,6,1559,0.55,185,868,37,0,6,21,147,68,646,120,34,48
2020,경기도,경기도 용인시,3262,35,5066,1.07,416,2760,86,0,8,117,375,213,2072,259,87,131
2020,경기도,경기도 의왕시,414,5,615,1.21,65,320,29,0,1,12,39,55,268,11,13,15
2020,경기도,경기도 의정부시,1695,13,2479,0.77,349,1297,49,0,6,40,251,142,952,115,45,144
2020,경기도,경기도 이천시,1106,25,1708,2.26,139,919,48,0,7,74,155,97,567,52,23,131
2020,경기도,경기도 파주시,1475,34,1997,2.31,238,1164,73,0,5,61,217,92,815,171,32,82
2020,경기도,경기도 평택시,3190,41,4819,1.29,458,2615,117,0,18,142,439,216,1814,192,73,296
2020,경기도,경기도 포천시,829,26,1347,3.14,90,696,43,0,8,62,88,76,439,74,17,65
2020,경기도,경기도 하남시,1192,13,1788,1.09,144,1002,46,0,4,20,174,125,711,93,15,50
2020,경기도,경기도 화성시,2959,45,4375,1.52,356,2483,120,0,23,139,379,302,1591,299,58,168
2020,경상남도,경상남도 거제시,820,14,1108,1.71,154,616,50,0,4,50,79,63,446,83,37,58
2020,경상남도,경상남도 거창군,253,18,317,7.11,28,198,27,0,1,18,22,15,159,0,5,33
2020,경상남도,경상남도 고성군,257,10,380,3.89,35,196,26,0,1,24,23,13,147,22,5,22
2020,경상남도,경상남도 김해시,2105,33,2999,1.57,312,1698,95,0,15,87,341,115,1231,127,62,127
2020,경상남도,경상남도 남해군,207,6,307,2.9,28,143,36,0,2,17,3,1,155,21,2,6
2020,경상남도,경상남도 밀양시,496,9,734,1.81,96,385,15,0,0,35,49,5,334,47,16,10
2020,경상남도,경상남도 사천시,624,11,969,1.76,115,466,43,0,5,39,50,16,378,31,24,81
2020,경상남도,경상남도 산청군,183,9,294,4.92,19,129,35,0,1,28,10,10,106,17,0,11
2020,경상남도,경상남도 양산시,1240,19,1699,1.53,205,976,59,0,5,55,179,128,641,94,42,96
2020,경상남도,경상남도 의령군,126,5,175,3.97,14,97,15,0,0,13,11,2,74,14,2,10
2020,경상남도,경상남도 진주시,656,27,859,4.12,207,420,29,0,1,26,106,37,374,17,53,42
2020,경상남도,경상남도 창녕군,331,11,513,3.32,38,253,40,0,3,28,34,14,198,3,2,49
2020,경상남도,경상남도 창원시,2978,59,4149,1.98,657,2194,127,0,22,109,408,201,1805,134,122,177
2020,경상남도,경상남도 통영시,685,10,1020,1.46,150,496,39,0,4,37,60,64,344,62,35,79
2020,경상남도,경상남도 하동군,116,10,148,8.62,19,81,16,0,0,9,10,8,69,15,0,5
2020,경상남도,경상남도 함안군,294,10,410,3.4,42,217,35,0,1,18,32,12,187,17,6,21
2020,경상남도,경상남도 함양군,152,7,231,4.61,29,97,26,0,3,12,9,7,77,33,3,8
2020,경상남도,경상남도 합천군,216,12,295,5.56,31,139,46,0,3,20,13,4,128,26,2,20
2020,경상북도,경상북도 경산시,1089,23,1518,2.11,205,843,41,0,11,59,122,72,623,96,40,66
2020,경상북도,경상북도 경주시,1312,30,1914,2.29,215,1002,94,1,11,95,123,40,934,11,39,59
2020,경상북도,경상북도 고령군,156,7,219,4.49,22,120,14,0,2,13,6,7,86,21,4,17
2020,경상북도,경상북도 구미시,1693,25,2429,1.48,214,1391,88,0,5,76,179,103,1005,169,44,112
2020,경상북도,경상북도 군위군(구),106,5,157,4.72,7,89,10,0,2,13,5,2,58,5,2,19
2020,경상북도,경상북도 김천시,578,29,730,5.02,119,400,59,0,7,22,63,26,348,61,27,24
2020,경상북도,경상북도 문경시,344,15,522,4.36,37,268,39,0,2,17,14,15,241,9,4,42
2020,경상북도,경상북도 봉화군,136,9,196,6.62,18,96,22,0,1,17,4,3,88,5,1,17
2020,경상북도,경상북도 상주시,544,38,782,6.99,58,429,57,0,2,39,25,27,331,97,9,14
2020,경상북도,경상북도 성주군,254,9,372,3.54,32,192,30,0,5,19,26,7,181,0,0,16
2020,경상북도,경상북도 안동시,929,22,1470,2.37,149,723,57,0,5,47,71,70,566,36,47,87
2020,경상북도,경상북도 영덕군,229,9,396,3.93,38,170,21,0,2,11,15,23,128,26,0,24
2020,경상북도,경상북도 영양군,79,2,114,2.53,9,51,19,0,0,10,3,4,45,2,2,13
2020,경상북도,경상북도 영주시,419,11,550,2.63,84,311,24,0,2,18,20,1,266,72,20,20
2020,경상북도,경상북도 영천시,717,21,1189,2.93,89,572,56,0,12,33,51,41,483,50,15,32
2020,경상북도,경상북도 예천군,191,13,275,6.81,25,139,27,0,3,11,10,8,112,9,5,33
2020,경상북도,경상북도 울릉군,13,1,18,7.69,4,7,2,0,0,1,1,0,8,2,1,0
2020,경상북도,경상북도 울진군,127,8,170,6.3,25,80,22,0,2,11,5,1,72,10,5,21
2020,경상북도,경상북도 의성군,233,16,338,6.87,27,170,36,0,1,17,22,8,138,6,3,38
2020,경상북도,경상북도 청도군,175,14,261,8.0,24,135,16,0,0,20,11,13,97,14,2,18
2020,경상북도,경상북도 청송군,60,5,81,8.33,13,30,17,0,0,12,2,0,39,3,0,4
2020,경상북도,경상북도 칠곡군,752,15,1135,1.99,74,599,79,0,1,32,49,37,501,61,12,59
2020,경상북도,경상북도 포항시,2537,27,3887,1.06,337,2110,89,1,12,130,262,193,1342,152,61,385
2020,광주광역시,광주광역시 광산구,2088,15,3444,0.72,260,1774,54,0,12,66,278,293,1016,209,47,167
2020,광주광역시,광주광역시 남구,863,11,1327,1.27,157,678,28,0,1,25,102,160,395,106,29,45
2020,광주광역시,광주광역시 동구,540,3,778,0.56,106,411,23,0,1,19,86,80,259,44,15,36
2020,광주광역시,광주광역시 북구,2208,25,3540,1.13,379,1758,71,0,11,80,214,211,1294,162,40,196
2020,광주광역시,광주광역시 서구,2019,9,3204,0.45,255,1707,57,0,10,61,196,250,1103,166,40,193
2020,대구광역시,대구광역시 남구,892,7,1349,0.78,171,694,27,0,10,22,78,75,532,41,29,105
2020,대구광역시,대구광역시 달서구,3221,15,4714,0.47,511,2655,55,0,7,69,311,521,1521,304,94,394
2020,대구광역시,대구광역시 달성군,945,23,1393,2.43,118,795,32,0,8,30,89,38,682,45,12,41
2020,대구광역시,대구광역시 동구,1731,21,2615,1.21,269,1391,71,0,8,42,146,227,948,154,49,157
2020,대구광역시,대구광역시 북구,2137,17,2998,0.8,314,1761,62,0,7,49,213,319,1130,158,56,205
2020,대구광역시,대구광역시 서구,1170,10,1710,0.85,180,968,22,0,6,26,120,172,654,76,17,99
2020,대구광역시,대구광역시 수성구,2135,11,3139,0.52,336,1760,39,0,8,26,204,254,1307,109,51,176
2020,대구광역시,대구광역시 중구,709,8,1056,1.13,176,513,20,0,2,20,84,100,382,31,12,78
2020,대전광역시,대전광역시 대덕구,752,12,1048,1.6,145,591,16,0,6,16,91,41,437,78,31,52
2020,대전광역시,대전광역시 동구,1102,16,1633,1.45,170,890,42,0,9,44,131,138,554,109,39,78
2020,대전광역시,대전광역시 서구,2333,19,3452,0.81,461,1807,65,0,17,73,320,227,1379,116,84,117
2020,대전광역시,대전광역시 유성구,1803,8,2722,0.44,213,1543,47,0,7,42,317,218,1005,102,42,70
2020,대전광역시,대전광역시 중구,1225,11,1781,0.9,246,933,46,0,10,38,169,163,641,69,44,91
2020,부산광역시,부산광역시 강서구,729,10,978,1.37,55,641,33,0,3,21,127,86,433,16,10,33
2020,부산광역시,부산광역시 금정구,819,4,1199,0.49,222,572,25,0,5,15,72,75,449,76,48,79
2020,부산광역시,부산광역시 기장군,559,8,915,1.43,89,453,17,0,3,27,52,82,286,53,23,33
2020,부산광역시,부산광역시 남구,762,6,1023,0.79,177,561,24,0,3,17,66,63,500,44,22,47
2020,부산광역시,부산광역시 동구,495,4,753,0.81,113,351,31,0,4,21,54,73,227,45,25,46
2020,부산광역시,부산광역시 동래구,993,3,1275,0.3,253,711,29,0,3,22,106,95,565,84,56,62
2020,부산광역시,부산광역시 부산진구,1544,8,2178,0.52,394,1101,49,0,7,44,299,160,742,95,60,137
2020,부산광역시,부산광역시 북구,694,11,922,1.59,165,502,27,0,4,20,75,100,371,45,29,50
2020,부산광역시,부산광역시 사상구,921,11,1226,1.19,209,681,31,0,5,33,107,86,493,76,31,90
2020,부산광역시,부산광역시 사하구,969,5,1324,0.52,215,722,32,0,7,35,121,109,567,37,29,64
2020,부산광역시,부산광역시 서구,488,4,670,0.82,106,352,30,0,0,25,51,68,246,26,18,54
2020,부산광역시,부산광역시 수영구,666,5,875,0.75,187,467,12,0,5,13,50,52,414,47,28,57
2020,부산광역시,부산광역시 연제구,744,8,977,1.08,192,538,14,0,8,13,103,109,295,85,37,94
2020,부산광역시,부산광역시 영도구,332,4,441,1.2,106,206,20,0,2,11,23,23,212,9,16,36
2020,부산광역시,부산광역시 중구,284,0,360,0.0,74,198,12,0,0,7,37,14,169,32,5,20
2020,부산광역시,부산광역시 해운대구,914,9,1231,0.98,196,689,29,0,9,34,114,129,469,52,50,57
2020,서울특별시,서울특별시 강남구,3752,17,5189,0.45,721,2964,67,0,9,65,322,558,2110,159,113,416
2020,서울특별시,서울특별시 강동구,1268,7,1600,0.55,342,890,36,0,3,30,123,160,752,47,57,96
2020,서울특별시,서울특별시 강북구,1087,3,1420,0.28,272,776,39,0,3,37,121,148,619,31,37,91
2020,서울특별시,서울특별시 강서구,1575,17,2131,1.08,346,1179,50,0,8,58,225,132,950,37,55,110
2020,서울특별시,서울특별시 관악구,1444,13,1819,0.9,329,1087,28,0,6,37,168,165,786,104,39,139
2020,서울특별시,서울특별시 광진구,869,4,1145,0.46,190,649,30,0,3,23,101,131,492,32,25,62
2020,서울특별시,서울특별시 구로구,1325,10,1810,0.75,296,973,56,0,5,46,177,189,720,44,51,93
2020,서울특별시,서울특별시 금천구,810,6,1084,0.74,197,563,50,0,0,26,122,78,491,9,36,48
2020,서울특별시,서울특별시 노원구,1462,5,2016,0.34,286,1142,34,0,6,53,168,203,807,73,52,100
2020,서울특별시,서울특별시 도봉구,741,7,990,0.94,224,490,27,0,2,19,114,73,404,18,30,81
2020,서울특별시,서울특별시 동대문구,1448,10,1845,0.69,331,1067,50,0,5,49,206,204,753,28,54,149
2020,서울특별시,서울특별시 동작구,1307,10,1819,0.77,308,936,63,0,2,29,142,216,719,54,49,96
2020,서울특별시,서울특별시 마포구,1272,13,1754,1.02,265,974,33,0,1,29,154,184,675,39,45,145
2020,서울특별시,서울특별시 서대문구,928,6,1256,0.65,207,686,35,0,4,14,106,108,503,66,31,96
2020,서울특별시,서울특별시 서초구,2250,9,3075,0.4,393,1813,44,0,8,36,184,446,1225,84,54,213
2020,서울특별시,서울특별시 성동구,1119,9,1481,0.8,244,845,30,0,5,31,132,185,615,44,34,73
2020,서울특별시,서울특별시 성북구,1275,7,1622,0.55,340,898,37,0,0,46,141,257,646,32,60,93
2020,서울특별시,서울특별시 송파구,2595,11,3509,0.42,478,2064,53,0,7,70,328,369,1474,87,57,203
2020,서울특별시,서울특별시 양천구,1344,7,1829,0.52,281,1027,36,0,3,28,131,244,773,66,42,57
2020,서울특별시,서울특별시 영등포구,2208,7,3102,0.32,371,1786,51,0,3,78,291,296,1320,30,68,122
2020,서울특별시,서울특별시 용산구,890,12,1178,1.35,155,697,38,0,10,24,96,154,509,14,26,57
2020,서울특별시,서울특별시 은평구,953,14,1415,1.47,275,644,34,0,4,18,156,60,560,39,41,75
2020,서울특별시,서울특별시 종로구,903,5,1224,0.55,223,648,32,0,0,31,108,166,463,30,35,70
2020,서울특별시,서울특별시 중구,955,6,1248,0.63,239,678,38,0,3,30,118,197,480,24,45,58
2020,서울특별시,서울특별시 중랑구,1447,4,1952,0.28,358,1032,57,0,2,46,169,187,691,131,42,179
2020,세종특별자치시,세종특별자치시,813,7,1076,0.86,114,671,28,0,3,25,142,70,509,19,23,22
2020,울산광역시,울산광역시 남구,1272,11,1744,0.86,277,948,47,0,3,63,157,110,672,96,60,111
2020,울산광역시,울산광역시 동구,554,3,721,0.54,110,413,31,0,6,26,83,40,311,7,16,65
2020,울산광역시,울산광역시 북구,667,14,1039,2.1,80,562,24,1,11,32,103,89,328,37,11,56
2020,울산광역시,울산광역시 울주군,738,15,1093,2.03,118,578,42,0,4,59,60,78,377,85,15,60
2020,울산광역시,울산광역시 중구,603,8,847,1.33,124,451,28,0,3,20,70,57,334,47,17,55
2020,인천광역시,인천광역시 강화군,183,11,249,6.01,28,139,16,0,0,30,18,7,95,21,3,9
2020,인천광역시,인천광역시 계양구,894,4,1250,0.45,174,693,27,0,6,15,88,130,509,41,27,78
2020,인천광역시,인천광역시 남동구,1834,19,2649,1.04,319,1477,38,0,15,44,226,257,1019,131,62,80
2020,인천광역시,인천광역시 동구,153,4,198,2.61,38,108,7,0,2,3,22,14,90,5,8,9
2020,인천광역시,인천광역시 미추홀구,1141,9,1554,0.79,218,900,23,0,5,22,115,75,810,34,29,51
2020,인천광역시,인천광역시 부평구,1412,11,1903,0.78,281,1092,39,0,5,34,151,139,893,70,33,87
2020,인천광역시,인천광역시 서구,1712,16,2394,0.93,306,1367,39,0,10,36,223,71,1221,45,49,57
2020,인천광역시,인천광역시 연수구,655,8,932,1.22,111,526,18,0,4,18,80,64,334,55,39,61
2020,인천광역시,인천광역시 옹진군,35,2,64,5.71,1,30,4,0,0,2,1,3,25,2,0,2
2020,인천광역시,인천광역시 중구,486,7,757,1.44,54,418,14,0,3,9,93,58,262,25,13,23
2020,전라남도,전라남도 강진군,301,5,456,1.66,36,200,65,0,2,19,15,15,171,13,2,64
2020,전라남도,전라남도 고흥군,317,17,484,5.36,49,205,63,0,1,22,6,6,218,34,2,28
2020,전라남도,전라남도 곡성군,122,7,184,5.74,14,90,18,0,3,7,2,9,67,11,1,22
2020,전라남도,전라남도 광양시,663,14,1033,2.11,94,517,52,0,7,25,88,49,339,88,12,55
2020,전라남도,전라남도 구례군,111,8,159,7.21,25,71,15,0,1,9,2,1,77,9,1,11
2020,전라남도,전라남도 나주시,493,17,809,3.45,68,385,40,0,2,21,51,51,271,11,4,82
2020,전라남도,전라남도 담양군,287,6,521,2.09,27,231,29,0,4,26,16,25,134,19,5,58
2020,전라남도,전라남도 목포시,1674,17,2847,1.02,275,1368,31,0,8,81,195,81,963,149,44,153
2020,전라남도,전라남도 무안군,395,15,617,3.8,48,324,23,0,8,24,36,2,279,15,5,26
2020,전라남도,전라남도 보성군,220,13,363,5.91,36,148,36,0,5,18,7,17,108,21,6,38
2020,전라남도,전라남도 순천시,1340,27,2021,2.01,206,1084,50,0,9,53,126,121,699,114,40,178
2020,전라남도,전라남도 신안군,105,10,177,9.52,13,79,13,0,1,18,3,3,57,12,1,10
2020,전라남도,전라남도 여수시,1635,27,2511,1.65,279,1305,51,0,10,94,163,97,929,173,39,130
2020,전라남도,전라남도 영광군,190,12,311,6.32,30,141,19,0,3,11,4,9,105,10,2,46
2020,전라남도,전라남도 영암군,400,9,703,2.25,28,341,31,0,1,19,42,9,316,2,1,10
2020,전라남도,전라남도 완도군,170,12,245,7.06,46,110,14,0,3,14,7,2,131,6,1,6
2020,전라남도,전라남도 장성군,249,6,386,2.41,23,205,21,0,3,6,15,11,194,4,1,15
2020,전라남도,전라남도 장흥군,255,9,403,3.53,24,179,52,0,3,9,4,14,133,44,1,47
2020,전라남도,전라남도 진도군,105,8,154,7.62,19,76,10,0,2,9,3,3,61,20,0,7
2020,전라남도,전라남도 함평군,185,6,319,3.24,19,133,33,0,2,7,3,10,103,35,0,25
2020,전라남도,전라남도 해남군,281,16,419,5.69,47,214,20,0,2,31,17,8,155,26,1,41
2020,전라남도,전라남도 화순군,318,12,523,3.77,49,233,36,0,3,17,21,27,162,53,6,29
2020,전라북도,전라북도 고창군,147,10,238,6.8,23,116,8,0,1,15,24,6,70,13,3,15
2020,전라북도,전라북도 군산시,1103,25,1743,2.27,198,878,27,0,9,41,164,65,599,69,56,100
2020,전라북도,전라북도 김제시,368,29,590,7.88,68,289,11,0,12,22,44,23,183,26,11,47
2020,전라북도,전라북도 남원시,275,18,390,6.55,58,193,24,0,4,20,24,9,164,12,16,26
2020,전라북도,전라북도 무주군,94,8,144,8.51,16,69,9,0,3,11,11,1,63,0,2,3
2020,전라북도,전라북도 부안군,213,8,327,3.76,29,146,38,0,1,17,15,4,137,11,4,24
2020,전라북도,전라북도 순창군,109,3,159,2.75,14,79,16,0,0,8,10,4,70,7,0,10
2020,전라북도,전라북도 완주군,235,15,352,6.38,33,188,14,0,3,17,24,23,142,3,4,19
2020,전라북도,전라북도 익산시,1094,27,1598,2.47,214,854,26,0,13,50,157,62,545,51,43,173
2020,전라북도,전라북도 임실군,115,7,194,6.09,12,92,11,0,1,7,4,9,63,22,1,8
2020,전라북도,전라북도 장수군,73,4,96,5.48,12,38,23,0,1,3,4,2,45,11,1,6
2020,전라북도,전라북도 전주시,2082,40,3116,1.92,441,1609,32,0,16,100,411,153,985,85,108,224
2020,전라북도,전라북도 정읍시,491,18,767,3.67,79,380,32,0,5,29,80,23,230,12,24,88
2020,전라북도,전라북도 진안군,52,8,64,15.38,10,30,12,0,0,1,3,1,34,4,1,8
2020,제주도,제주도 서귀포시,1151,24,1868,2.09,171,840,140,0,19,65,72,100,555,50,46,244
2020,제주도,제주도 제주시,2879,44,4263,1.53,540,2178,161,0,19,111,261,372,1381,225,135,375
2020,충청남도,충청남도 계룡시,54,2,87,3.7,12,35,7,0,1,4,7,2,27,2,4,7
2020,충청남도,충청남도 공주시,514,26,796,5.06,71,377,66,0,6,34,42,15,342,22,13,40
2020,충청남도,충청남도 금산군,121,7,198,5.79,27,81,13,0,1,15,6,0,73,12,6,8
2020,충청남도,충청남도 논산시,375,21,594,5.6,73,276,26,0,6,34,32,9,200,32,10,52
2020,충청남도,충청남도 당진시,751,29,1188,3.86,104,617,30,0,4,54,79,75,351,101,21,66
2020,충청남도,충청남도 보령시,468,12,682,2.56,107,332,29,0,8,31,52,12,301,6,20,38
2020,충청남도,충청남도 부여군,201,6,285,2.99,32,154,15,0,4,18,17,5,112,24,2,19
2020,충청남도,충청남도 서산시,737,24,1067,3.26,127,578,32,0,8,36,101,59,354,52,39,88
2020,충청남도,충청남도 서천군,289,14,416,4.84,48,205,36,0,3,20,32,5,169,6,10,44
2020,충청남도,충청남도 아산시,1190,19,1698,1.6,198,964,28,0,9,75,165,23,769,37,39,73
2020,충청남도,충청남도 예산군,375,13,555,3.47,55,288,32,0,3,20,45,25,177,11,10,84
2020,충청남도,충청남도 천안시,3086,51,4595,1.65,444,2563,79,0,24,148,362,290,1761,212,75,214
2020,충청남도,충청남도 청양군,170,9,254,5.29,23,107,40,0,4,15,6,5,100,5,2,33
2020,충청남도,충청남도 태안군,299,16,523,5.35,48,220,31,0,9,34,16,13,149,34,9,35
2020,충청남도,충청남도 홍성군,322,12,443,3.73,45,262,15,0,1,20,43,7,214,18,6,13
2020,충청북도,충청북도 괴산군,193,10,340,5.18,27,149,17,0,3,16,10,6,127,2,2,27
2020,충청북도,충청북도 단양군,145,5,233,3.45,18,101,26,0,1,9,9,4,109,1,2,10
2020,충청북도,충청북도 보은군,132,9,210,6.82,25,88,19,0,1,12,10,5,76,21,3,4
2020,충청북도,충청북도 영동군,158,10,217,6.33,30,111,17,0,4,16,4,3,97,4,9,21
2020,충청북도,충청북도 옥천군,160,5,223,3.13,18,127,15,0,2,11,6,16,71,22,5,27
2020,충청북도,충청북도 음성군,606,20,952,3.3,61,486,59,0,15,39,42,37,311,100,1,61
2020,충청북도,충청북도 제천시,801,16,1304,2.0,88,668,45,0,4,57,91,123,360,33,17,116
2020,충청북도,충청북도 증평군,167,2,242,1.2,25,136,6,0,1,11,25,6,89,8,8,19
2020,충청북도,충청북도 진천군,481,12,800,2.49,50,399,32,0,2,34,36,47,272,32,10,48
2020,충청북도,충청북도 청주시,4456,61,6887,1.37,598,3712,146,0,27,169,587,352,2398,474,106,343
2020,충청북도,충청북도 충주시,1099,21,1830,1.91,119,937,43,0,8,48,163,114,583,28,20,135
2021,강원도,강원도 강릉시,653,17,965,2.6,122,520,11,0,0,51,102,5,442,2,26,25
2021,강원도,강원도 고성군,119,5,199,4.2,15,99,5,0,0,15,14,7,73,7,0,3
2021,강원도,강원도 동해시,362,2,579,0.55,63,289,10,0,0,16,34,27,181,55,15,34
2021,강원도,강원도 삼척시,257,6,384,2.33,48,188,21,0,0,20,14,31,145,7,11,29
2021,강원도,강원도 속초시,384,2,584,0.52,78,300,6,0,0,17,49,17,205,39,14,43
2021,강원도,강원도 양구군,81,6,122,7.41,16,55,10,0,0,10,4,1,48,3,1,14
2021,강원도,강원도 양양군,153,3,247,1.96,20,121,12,0,0,14,12,11,86,10,3,17
2021,강원도,강원도 영월군,136,2,227,1.47,20,102,14,0,0,19,3,5,71,21,7,10
2021,강원도,강원도 원주시,1718,20,2620,1.16,268,1422,28,0,0,94,228,196,798,111,68,223
2021,강원도,강원도 인제군,88,7,154,7.95,7,73,8,0,0,22,1,3,59,0,0,3
2021,강원도,강원도 정선군,167,6,244,3.59,22,126,19,0,0,21,11,3,114,1,1,16
2021,강원도,강원도 철원군,125,6,207,4.8,9,104,12,0,0,12,15,7,65,4,0,22
2021,강원도,강원도 춘천시,1361,23,1988,1.69,221,1104,36,0,0,69,167,210,554,111,64,186
2021,강원도,강원도 태백시,190,7,268,3.68,37,142,11,0,0,16,14,7,93,44,10,6
2021,강원도,강원도 평창군,178,4,396,2.25,13,151,14,0,0,23,16,27,57,16,3,36
2021,강원도,강원도 홍천군,329,18,564,5.47,52,248,29,0,0,27,10,47,139,26,16,64
2021,강원도,강원도 화천군,96,2,169,2.08,11,73,12,0,0,25,2,9,42,15,0,3
2021,강원도,강원도 횡성군,208,9,304,4.33,26,167,15,0,0,23,7,8,107,29,3,31
2021,경기도,경기도 가평군,367,10,651,2.72,49,298,20,0,0,34,32,59,163,13,8,58
2021,경기도,경기도 고양시,3532,39,5001,1.1,596,2815,121,0,0,124,528,348,1921,241,119,251
2021,경기도,경기도 과천시,168,1,256,0.6,18,139,11,0,0,0,16,37,93,5,3,14
2021,경기도,경기도 광명시,992,10,1347,1.01,182,775,35,0,0,21,145,185,471,69,29,72
2021,경기도,경기도 광주시,2265,17,3481,0.75,318,1858,89,0,0,133,167,280,1289,166,51,179
2021,경기도,경기도 구리시,737,9,1074,1.22,117,595,25,0,0,5,91,151,394,23,23,50
2021,경기도,경기도 군포시,622,9,904,1.45,127,458,37,0,0,13,104,44,370,17,30,44
2021,경기도,경기도 김포시,1775,18,2669,1.01,223,1481,71,0,0,66,272,127,913,208,56,133
2021,경기도,경기도 남양주시,2136,18,3257,0.84,349,1712,75,0,0,115,315,259,1165,82,70,130
2021,경기도,경기도 동두천시,351,2,477,0.57,67,280,4,0,0,14,43,34,178,28,9,45
2021,경기도,경기도 부천시,3436,19,4655,0.55,725,2587,124,0,0,79,429,256,1787,370,140,375
2021,경기도,경기도 성남시,3398,27,4751,0.79,623,2657,118,0,0,79,453,419,1964,188,103,192
2021,경기도,경기도 수원시,4615,25,6667,0.54,803,3675,137,0,0,117,725,605,2326,280,124,438
2021,경기도,경기도 시흥시,2385,32,3615,1.34,310,1990,85,0,0,94,383,377,1159,143,54,175
2021,경기도,경기도 안산시,3821,20,5525,0.52,518,3209,94,0,0,98,551,502,1933,347,63,327
2021,경기도,경기도 안성시,1072,24,1717,2.24,139,887,46,0,0,71,74,104,589,55,21,158
2021,경기도,경기도 안양시,1182,13,1690,1.1,204,915,63,0,0,25,215,185,556,81,27,93
2021,경기도,경기도 양주시,998,6,1448,0.6,106,850,42,0,0,56,147,142,506,78,13,56
2021,경기도,경기도 양평군,504,20,812,3.97,81,386,37,0,0,42,25,15,359,27,21,15
2021,경기도,경기도 여주시,538,14,929,2.6,73,434,31,0,0,27,69,48,314,22,8,50
2021,경기도,경기도 연천군,199,6,321,3.02,34,154,11,0,0,20,15,24,103,7,4,26
2021,경기도,경기도 오산시,1108,7,1571,0.63,169,912,27,0,0,34,180,54,653,98,33,56
2021,경기도,경기도 용인시,3603,31,5401,0.86,475,3029,99,0,0,102,360,185,2374,334,109,139
2021,경기도,경기도 의왕시,433,3,624,0.69,52,368,13,0,0,12,45,78,258,16,8,16
2021,경기도,경기도 의정부시,1690,18,2354,1.07,351,1291,48,0,0,49,266,193,873,99,48,162
2021,경기도,경기도 이천시,1192,14,1860,1.17,153,987,52,0,0,67,177,109,603,67,39,130
2021,경기도,경기도 파주시,1708,28,2428,1.64,288,1348,72,0,0,83,230,133,962,128,54,118
2021,경기도,경기도 평택시,3321,36,5051,1.08,454,2752,115,0,0,153,454,212,1902,213,83,304
2021,경기도,경기도 포천시,914,15,1410,1.64,108,775,31,0,0,61,100,97,537,43,9,67
2021,경기도,경기도 하남시,1195,9,1731,0.75,162,996,37,0,0,27,164,149,693,59,27,76
2021,경기도,경기도 화성시,3075,37,4548,1.2,369,2608,98,0,0,147,443,285,1630,229,88,253
2021,경상남도,경상남도 거제시,808,15,1082,1.86,164,601,43,0,0,51,84,56,456,58,46,57
2021,경상남도,경상남도 거창군,274,9,359,3.28,43,210,21,0,0,25,27,13,149,9,11,40
2021,경상남도,경상남도 고성군,209,6,273,2.87,45,147,17,0,0,17,18,8,120,18,10,18
2021,경상남도,경상남도 김해시,1991,31,2826,1.56,337,1574,80,0,0,99,315,115,1162,59,66,175
2021,경상남도,경상남도 남해군,194,5,275,2.58,40,119,35,0,0,19,2,1,137,20,5,10
2021,경상남도,경상남도 밀양시,478,14,683,2.93,86,362,30,0,0,25,51,13,299,41,24,25
2021,경상남도,경상남도 사천시,597,16,902,2.68,92,463,42,0,0,24,57,26,359,47,22,62
2021,경상남도,경상남도 산청군,180,14,304,7.78,21,126,33,0,0,22,13,6,99,23,4,13
2021,경상남도,경상남도 양산시,1318,20,1796,1.52,179,1094,45,0,0,71,199,104,662,141,50,91
2021,경상남도,경상남도 의령군,142,7,188,4.93,23,105,14,0,0,19,10,2,80,11,3,17
2021,경상남도,경상남도 진주시,702,31,890,4.42,191,483,28,0,0,51,117,37,387,20,48,42
2021,경상남도,경상남도 창녕군,263,2,380,0.76,36,196,31,0,0,14,16,8,167,2,4,52
2021,경상남도,경상남도 창원시,2556,52,3511,2.03,598,1837,121,0,0,95,340,107,1588,139,129,158
2021,경상남도,경상남도 통영시,637,6,932,0.94,125,478,34,0,0,29,63,94,289,51,30,81
2021,경상남도,경상남도 하동군,102,9,132,8.82,23,66,13,0,0,7,8,6,61,10,1,9
2021,경상남도,경상남도 함안군,282,7,420,2.48,44,216,22,0,0,17,22,13,175,25,9,21
2021,경상남도,경상남도 함양군,174,9,253,5.17,27,122,25,0,0,16,13,1,103,26,4,11
2021,경상남도,경상남도 합천군,152,4,208,2.63,27,98,27,0,0,13,13,1,96,17,0,12
2021,경상북도,경상북도 경산시,931,23,1208,2.47,207,686,38,0,0,44,97,67,533,64,50,76
2021,경상북도,경상북도 경주시,1259,38,1909,3.02,196,987,75,1,0,100,119,34,897,13,33,63
2021,경상북도,경상북도 고령군,177,9,247,5.08,28,133,16,0,0,15,4,3,126,11,0,18
2021,경상북도,경상북도 구미시,1691,26,2343,1.54,245,1377,69,0,0,70,184,118,966,131,59,163
2021,경상북도,경상북도 군위군(구),119,6,188,5.04,10,94,15,0,0,7,7,2,85,10,0,8
2021,경상북도,경상북도 김천시,515,22,678,4.27,95,381,39,0,0,30,47,30,268,69,27,44
2021,경상북도,경상북도 문경시,289,9,434,3.11,58,207,24,0,0,13,8,6,220,4,11,27
2021,경상북도,경상북도 봉화군,83,11,130,13.25,10,61,12,0,0,14,3,1,46,14,1,4
2021,경상북도,경상북도 상주시,492,30,701,6.1,59,384,49,0,0,34,21,24,296,82,3,32
2021,경상북도,경상북도 성주군,247,11,366,4.45,33,195,19,0,0,21,25,8,158,2,2,31
2021,경상북도,경상북도 안동시,774,19,1212,2.45,122,614,38,0,0,40,70,62,433,54,25,90
2021,경상북도,경상북도 영덕군,258,7,405,2.71,38,185,35,0,0,20,10,16,160,12,0,40
2021,경상북도,경상북도 영양군,63,3,99,4.76,11,45,7,0,0,7,4,4,36,1,0,11
2021,경상북도,경상북도 영주시,472,15,624,3.18,87,366,19,0,0,16,27,5,327,48,25,24
2021,경상북도,경상북도 영천시,740,12,1222,1.62,88,599,53,0,0,42,41,39,536,15,19,48
2021,경상북도,경상북도 예천군,180,4,238,2.22,29,129,22,0,0,15,14,3,114,9,3,22
2021,경상북도,경상북도 울릉군,11,2,10,18.18,5,3,3,0,0,0,1,0,10,0,0,0
2021,경상북도,경상북도 울진군,93,5,121,5.38,21,53,19,0,0,15,3,2,58,1,0,14
2021,경상북도,경상북도 의성군,209,14,303,6.7,24,162,23,0,0,13,13,2,148,1,4,28
2021,경상북도,경상북도 청도군,178,10,235,5.62,18,142,18,0,0,19,14,14,95,13,2,21
2021,경상북도,경상북도 청송군,74,9,90,12.16,19,46,9,0,0,17,2,3,36,1,1,14
2021,경상북도,경상북도 칠곡군,713,20,1116,2.81,91,567,55,0,0,29,40,50,462,32,18,82
2021,경상북도,경상북도 포항시,2532,29,3811,1.15,369,2085,78,0,0,125,249,222,1329,155,61,391
2021,광주광역시,광주광역시 광산구,2204,15,3439,0.68,289,1852,63,0,0,81,289,320,1041,182,49,242
2021,광주광역시,광주광역시 남구,754,8,1109,1.06,136,601,17,0,0,23,88,133,364,94,19,33
2021,광주광역시,광주광역시 동구,591,5,853,0.85,127,443,21,0,0,25,84,118,279,42,6,37
2021,광주광역시,광주광역시 북구,2165,15,3330,0.69,376,1729,60,0,0,83,228,254,1220,162,42,176
2021,광주광역시,광주광역시 서구,1829,6,2758,0.33,215,1581,33,0,0,58,187,269,997,109,49,160
2021,대구광역시,대구광역시 남구,765,3,1033,0.39,156,597,12,0,0,22,60,54,496,41,30,62
2021,대구광역시,대구광역시 달서구,2991,15,4094,0.5,550,2383,58,0,0,69,290,437,1506,265,118,306
2021,대구광역시,대구광역시 달성군,856,13,1248,1.52,113,708,35,0,0,27,78,54,573,26,27,71
2021,대구광역시,대구광역시 동구,1656,14,2435,0.85,259,1341,56,0,0,39,146,265,873,137,48,148
2021,대구광역시,대구광역시 북구,2100,16,2951,0.76,328,1707,65,0,0,61,180,321,1070,199,66,203
2021,대구광역시,대구광역시 서구,1008,8,1501,0.79,187,803,18,0,0,27,95,112,581,42,20,131
2021,대구광역시,대구광역시 수성구,2136,9,3062,0.42,366,1718,52,0,0,40,176,248,1334,104,82,152
2021,대구광역시,대구광역시 중구,621,6,906,0.97,157,455,9,0,0,14,63,106,334,25,20,59
2021,대전광역시,대전광역시 대덕구,862,6,1249,0.7,140,703,19,0,0,27,104,76,501,57,42,55
2021,대전광역시,대전광역시 동구,1046,10,1496,0.96,167,840,39,0,0,34,169,159,481,77,38,88
2021,대전광역시,대전광역시 서구,2162,13,3017,0.6,409,1715,38,0,0,68,303,176,1308,111,69,127
2021,대전광역시,대전광역시 유성구,1905,16,2905,0.84,205,1666,34,0,0,47,285,237,1074,105,59,98
2021,대전광역시,대전광역시 중구,1052,14,1508,1.33,200,810,42,0,0,41,160,134,554,52,35,76
2021,부산광역시,부산광역시 강서구,783,15,1188,1.92,57,700,26,0,0,24,153,76,474,10,13,33
2021,부산광역시,부산광역시 금정구,871,7,1251,0.8,228,628,15,0,0,31,68,95,429,88,53,107
2021,부산광역시,부산광역시 기장군,511,10,797,1.96,76,426,9,0,0,38,60,43,297,35,16,22
2021,부산광역시,부산광역시 남구,705,4,898,0.57,158,529,18,0,0,18,55,78,451,32,33,38
2021,부산광역시,부산광역시 동구,484,5,626,1.03,100,347,37,0,0,12,38,92,213,66,26,37
2021,부산광역시,부산광역시 동래구,839,5,1086,0.6,208,610,21,0,0,18,106,61,471,61,47,75
2021,부산광역시,부산광역시 부산진구,1662,10,2270,0.6,412,1193,57,0,0,59,274,205,818,73,77,156
2021,부산광역시,부산광역시 북구,566,7,747,1.24,127,413,26,0,0,16,79,78,275,36,31,51
2021,부산광역시,부산광역시 사상구,705,12,917,1.7,185,508,12,0,0,17,111,83,385,31,26,52
2021,부산광역시,부산광역시 사하구,876,14,1143,1.6,201,643,32,0,0,32,126,132,452,45,33,56
2021,부산광역시,부산광역시 서구,433,2,590,0.46,107,301,25,0,0,21,52,32,227,31,17,53
2021,부산광역시,부산광역시 수영구,664,4,871,0.6,167,483,14,0,0,20,67,49,405,40,28,55
2021,부산광역시,부산광역시 연제구,666,2,904,0.3,179,478,9,0,0,16,92,72,302,68,51,65
2021,부산광역시,부산광역시 영도구,341,4,462,1.17,84,238,19,0,0,15,34,27,186,16,17,46
2021,부산광역시,부산광역시 중구,265,3,357,1.13,83,172,10,0,0,5,31,15,157,32,10,15
2021,부산광역시,부산광역시 해운대구,968,9,1350,0.93,214,727,27,0,0,37,139,129,466,77,48,72
2021,서울특별시,서울특별시 강남구,3820,10,5175,0.26,659,3103,58,0,0,57,371,635,2134,162,99,362
2021,서울특별시,서울특별시 강동구,1047,9,1413,0.86,242,788,17,0,0,23,144,121,615,44,27,73
2021,서울특별시,서울특별시 강북구,1017,6,1302,0.59,259,730,28,0,0,50,118,113,578,19,31,108
2021,서울특별시,서울특별시 강서구,1501,13,2042,0.87,340,1121,40,0,0,69,207,173,853,29,52,118
2021,서울특별시,서울특별시 관악구,1419,8,1829,0.56,315,1064,40,0,0,32,172,202,723,84,45,161
2021,서울특별시,서울특별시 광진구,922,4,1216,0.43,207,693,22,0,0,25,102,113,563,25,21,73
2021,서울특별시,서울특별시 구로구,1350,9,1729,0.67,274,1042,34,0,0,41,177,218,738,39,41,96
2021,서울특별시,서울특별시 금천구,827,16,1167,1.93,173,616,38,0,0,28,105,102,503,4,29,56
2021,서울특별시,서울특별시 노원구,1413,8,1940,0.57,280,1078,55,0,0,58,166,196,773,56,50,114
2021,서울특별시,서울특별시 도봉구,591,3,768,0.51,167,395,29,0,0,22,77,25,344,22,27,74
2021,서울특별시,서울특별시 동대문구,1390,17,1656,1.22,311,1048,31,0,0,30,191,195,730,34,49,161
2021,서울특별시,서울특별시 동작구,1148,11,1520,0.96,285,829,34,0,0,27,123,169,648,38,49,94
2021,서울특별시,서울특별시 마포구,1102,14,1573,1.27,228,854,20,0,0,27,153,169,646,16,22,69
2021,서울특별시,서울특별시 서대문구,930,9,1206,0.97,216,665,49,0,0,24,126,118,488,50,36,88
2021,서울특별시,서울특별시 서초구,2118,8,2932,0.38,375,1694,49,0,0,35,153,354,1229,39,67,241
2021,서울특별시,서울특별시 성동구,1057,8,1362,0.76,245,784,28,0,0,24,131,157,586,45,30,84
2021,서울특별시,서울특별시 성북구,1285,15,1606,1.17,295,948,42,0,0,32,154,204,673,32,50,140
2021,서울특별시,서울특별시 송파구,2607,14,3509,0.54,469,2081,57,0,0,65,370,381,1454,62,76,199
2021,서울특별시,서울특별시 양천구,1305,14,1692,1.07,284,992,29,0,0,37,140,234,696,46,47,105
2021,서울특별시,서울특별시 영등포구,2178,15,2967,0.69,340,1790,48,0,0,62,267,329,1312,22,65,121
2021,서울특별시,서울특별시 용산구,1014,5,1369,0.49,174,813,27,0,0,34,109,214,540,24,32,61
2021,서울특별시,서울특별시 은평구,867,11,1218,1.27,250,583,34,0,0,24,152,48,479,32,35,97
2021,서울특별시,서울특별시 종로구,778,6,1050,0.77,182,560,36,0,0,21,130,130,398,24,23,52
2021,서울특별시,서울특별시 중구,854,3,1156,0.35,173,655,26,0,0,28,93,168,445,30,29,61
2021,서울특별시,서울특별시 중랑구,1373,7,1826,0.51,332,1000,41,0,0,46,167,162,679,111,48,160
2021,세종특별자치시,세종특별자치시,788,16,1031,2.03,110,653,25,0,0,25,134,49,462,22,35,61
2021,울산광역시,울산광역시 남구,1193,14,1586,1.17,265,892,36,0,0,47,142,179,605,83,51,86
2021,울산광역시,울산광역시 동구,467,2,610,0.43,120,330,17,0,0,27,55,28,267,16,23,51
2021,울산광역시,울산광역시 북구,786,8,1149,1.02,110,617,59,0,0,39,105,89,411,58,21,63
2021,울산광역시,울산광역시 울주군,731,18,1044,2.46,137,543,51,0,0,53,71,64,382,59,19,83
2021,울산광역시,울산광역시 중구,624,8,849,1.28,149,460,15,0,0,29,96,48,319,45,38,49
2021,인천광역시,인천광역시 강화군,198,7,285,3.54,30,156,12,0,0,32,13,1,105,29,4,14
2021,인천광역시,인천광역시 계양구,749,9,1009,1.2,157,573,19,0,0,15,83,98,434,34,30,55
2021,인천광역시,인천광역시 남동구,1542,14,2122,0.91,228,1278,36,0,0,42,199,188,829,117,55,112
2021,인천광역시,인천광역시 동구,107,4,136,3.74,28,79,0,0,0,4,13,17,54,2,6,11
2021,인천광역시,인천광역시 미추홀구,1150,10,1540,0.87,255,876,19,0,0,43,118,103,731,42,48,65
2021,인천광역시,인천광역시 부평구,1472,11,1905,0.75,328,1113,31,0,0,30,154,99,1010,53,47,79
2021,인천광역시,인천광역시 서구,1688,24,2306,1.42,285,1357,46,0,0,52,242,48,1212,13,47,74
2021,인천광역시,인천광역시 연수구,542,9,743,1.66,91,439,12,0,0,15,79,79,272,35,20,42
2021,인천광역시,인천광역시 옹진군,33,1,67,3.03,3,26,4,0,0,3,0,0,27,1,0,2
2021,인천광역시,인천광역시 중구,431,15,617,3.48,58,366,7,0,0,17,69,56,235,19,13,22
2021,전라남도,전라남도 강진군,289,9,532,3.11,33,194,62,0,0,25,17,9,169,22,1,46
2021,전라남도,전라남도 고흥군,275,15,430,5.45,44,189,42,0,0,17,5,8,173,26,2,44
2021,전라남도,전라남도 곡성군,110,7,193,6.36,19,80,11,0,0,9,1,3,68,2,0,27
2021,전라남도,전라남도 광양시,575,15,796,2.61,86,465,24,0,0,33,66,55,256,75,21,69
2021,전라남도,전라남도 구례군,117,4,163,3.42,19,81,17,0,0,14,0,2,74,9,0,18
2021,전라남도,전라남도 나주시,447,13,703,2.91,70,351,26,0,0,28,60,38,240,10,6,65
2021,전라남도,전라남도 담양군,292,4,488,1.37,31,236,25,0,0,23,24,27,143,10,4,61
2021,전라남도,전라남도 목포시,1385,20,2309,1.44,231,1123,31,0,0,63,211,66,791,80,43,131
2021,전라남도,전라남도 무안군,462,14,676,3.03,45,399,18,0,0,23,72,13,325,9,6,14
2021,전라남도,전라남도 보성군,180,17,270,9.44,21,126,33,0,0,24,8,13,82,3,4,46
2021,전라남도,전라남도 순천시,1152,24,1715,2.08,180,928,44,0,0,56,100,84,630,76,45,161
2021,전라남도,전라남도 신안군,105,8,170,7.62,7,79,19,0,0,24,1,2,61,5,0,12
2021,전라남도,전라남도 여수시,1357,22,2035,1.62,249,1070,38,0,0,54,147,67,795,153,42,99
2021,전라남도,전라남도 영광군,155,7,205,4.52,39,101,15,0,0,12,6,5,80,17,10,25
2021,전라남도,전라남도 영암군,323,14,527,4.33,28,279,16,0,0,25,32,17,199,23,1,26
2021,전라남도,전라남도 완도군,163,8,239,4.91,33,107,23,0,0,16,6,3,122,6,3,7
2021,전라남도,전라남도 장성군,195,8,317,4.1,18,162,15,0,0,7,21,8,133,3,1,22
2021,전라남도,전라남도 장흥군,234,13,313,5.56,39,159,36,0,0,28,8,9,135,15,5,34
2021,전라남도,전라남도 진도군,93,4,145,4.3,17,71,5,0,0,16,10,5,38,9,1,14
2021,전라남도,전라남도 함평군,182,10,316,5.49,18,139,25,0,0,13,7,5,91,40,0,26
2021,전라남도,전라남도 해남군,285,14,424,4.91,37,214,34,0,0,27,19,14,161,30,2,32
2021,전라남도,전라남도 화순군,309,5,556,1.62,44,232,33,0,0,27,19,31,158,24,6,44
2021,전라북도,전라북도 고창군,134,9,214,6.72,26,99,9,0,0,16,19,1,59,20,7,12
2021,전라북도,전라북도 군산시,1100,21,1626,1.91,209,860,31,0,0,54,160,66,629,34,47,110
2021,전라북도,전라북도 김제시,263,13,398,4.94,50,202,11,0,0,30,40,17,116,15,13,32
2021,전라북도,전라북도 남원시,291,12,375,4.12,46,221,24,0,0,25,32,8,157,17,5,47
2021,전라북도,전라북도 무주군,87,6,154,6.9,11,63,13,0,0,12,8,3,50,3,0,11
2021,전라북도,전라북도 부안군,200,11,304,5.5,22,152,26,0,0,15,16,8,120,12,3,26
2021,전라북도,전라북도 순창군,110,6,158,5.45,10,78,22,0,0,10,11,2,65,5,1,16
2021,전라북도,전라북도 완주군,194,15,281,7.73,35,142,17,0,0,17,27,15,97,5,9,24
2021,전라북도,전라북도 익산시,987,23,1433,2.33,196,768,23,0,0,51,169,44,495,42,44,142
2021,전라북도,전라북도 임실군,119,8,162,6.72,12,95,12,0,0,14,9,7,62,19,0,8
2021,전라북도,전라북도 장수군,34,6,52,17.65,9,21,4,0,0,4,1,1,22,2,1,3
2021,전라북도,전라북도 전주시,2151,39,3070,1.81,432,1685,34,0,0,96,482,146,998,96,117,216
2021,전라북도,전라북도 정읍시,379,17,585,4.49,71,280,28,0,0,29,67,13,159,9,22,80
2021,전라북도,전라북도 진안군,63,7,94,11.11,6,38,19,0,0,8,2,3,39,1,1,9
2021,제주도,제주도 서귀포시,1311,18,2100,1.37,190,981,140,0,0,76,90,105,646,56,49,289
2021,제주도,제주도 제주시,3062,34,4625,1.11,538,2369,155,0,0,123,266,343,1551,176,156,447
2021,충청남도,충청남도 계룡시,56,2,77,3.57,15,36,5,0,0,4,11,4,25,2,5,5
2021,충청남도,충청남도 공주시,461,13,715,2.82,67,364,30,0,0,40,63,11,254,23,17,53
2021,충청남도,충청남도 금산군,111,8,158,7.21,22,74,15,0,0,10,8,1,70,11,4,7
2021,충청남도,충청남도 논산시,350,23,538,6.57,68,257,25,0,0,34,32,20,169,28,16,51
2021,충청남도,충청남도 당진시,690,36,978,5.22,123,540,27,0,0,47,76,67,339,87,32,42
2021,충청남도,충청남도 보령시,424,19,595,4.48,106,287,31,0,0,34,47,11,234,4,21,73
2021,충청남도,충청남도 부여군,193,13,264,6.74,43,134,16,0,0,20,15,8,101,16,11,22
2021,충청남도,충청남도 서산시,667,22,955,3.3,129,510,28,0,0,48,104,42,306,43,35,89
2021,충청남도,충청남도 서천군,256,17,401,6.64,50,171,35,0,0,17,22,13,148,6,9,41
2021,충청남도,충청남도 아산시,1185,27,1687,2.28,183,963,39,0,0,75,149,22,751,43,45,100
2021,충청남도,충청남도 예산군,326,23,442,7.06,50,234,42,0,0,29,36,15,157,11,12,66
2021,충청남도,충청남도 천안시,3039,29,4392,0.95,453,2510,76,0,0,144,347,307,1642,182,96,321
2021,충청남도,충청남도 청양군,151,7,230,4.64,21,101,29,0,0,10,8,5,99,3,1,25
2021,충청남도,충청남도 태안군,270,14,411,5.19,51,191,28,0,0,28,21,6,157,33,5,20
2021,충청남도,충청남도 홍성군,244,12,354,4.92,42,189,13,0,0,24,25,4,165,8,8,10
2021,충청북도,충청북도 괴산군,181,6,314,3.31,13,151,17,0,0,19,10,21,92,4,2,33
2021,충청북도,충청북도 단양군,147,7,228,4.76,15,108,24,0,0,21,7,2,101,2,2,12
2021,충청북도,충청북도 보은군,136,10,231,7.35,21,106,9,0,0,14,6,6,91,13,1,5
2021,충청북도,충청북도 영동군,145,8,202,5.52,28,99,18,0,0,21,4,1,93,2,5,19
2021,충청북도,충청북도 옥천군,153,9,200,5.88,36,109,8,0,0,16,13,4,105,4,4,7
2021,충청북도,충청북도 음성군,528,12,814,2.27,34,452,42,0,0,46,56,43,258,67,5,53
2021,충청북도,충청북도 제천시,706,15,1144,2.12,98,570,38,0,0,53,85,118,266,37,21,126
2021,충청북도,충청북도 증평군,210,3,310,1.43,27,170,13,0,0,7,30,18,102,2,5,46
2021,충청북도,충청북도 진천군,491,16,703,3.26,50,412,29,0,0,45,47,63,239,34,8,55
2021,충청북도,충청북도 청주시,4141,49,6192,1.18,557,3471,113,0,0,157,566,359,2247,362,113,337
2021,충청북도,충청북도 충주시,1147,25,1797,2.18,146,949,52,0,0,76,148,149,545,48,25,156
2022,강원도,강원도 강릉시,712,14,1046,1.97,159,544,9,0,0,52,89,7,497,0,48,19
2022,강원도,강원도 고성군,146,2,245,1.37,21,122,3,0,0,8,5,12,91,18,0,12
2022,강원도,강원도 동해시,310,6,476,1.94,53,251,6,0,0,15,32,25,158,48,17,15
2022,강원도,강원도 삼척시,209,8,289,3.83,54,139,16,0,0,18,22,16,122,2,9,20
2022,강원도,강원도 속초시,413,5,664,1.21,86,322,5,0,0,14,42,30,226,45,23,33
2022,강원도,강원도 양구군,79,5,107,6.33,13,59,7,0,0,11,3,1,40,2,2,20
2022,강원도,강원도 양양군,156,8,289,5.13,30,121,5,0,0,11,16,14,96,8,4,7
2022,강원도,강원도 영월군,149,8,247,5.37,23,101,25,0,0,19,7,7,70,18,4,24
2022,강원도,강원도 원주시,1578,18,2427,1.14,252,1303,23,0,0,70,220,195,748,111,66,168
2022,강원도,강원도 인제군,89,5,151,5.62,9,70,10,0,0,9,8,5,64,0,1,2
2022,강원도,강원도 정선군,158,3,246,1.9,22,119,17,0,0,15,10,9,93,7,2,22
2022,강원도,강원도 철원군,113,1,178,0.88,28,77,8,0,0,10,10,2,66,4,5,16
2022,강원도,강원도 춘천시,1382,17,2170,1.23,257,1072,53,0,0,70,143,165,651,100,79,174
2022,강원도,강원도 태백시,228,3,361,1.32,31,191,6,0,0,15,17,19,97,55,4,21
2022,강원도,강원도 평창군,196,13,354,6.63,18,158,20,0,0,22,15,17,100,9,2,31
2022,강원도,강원도 홍천군,268,9,496,3.36,39,210,19,0,0,24,12,31,117,15,12,57
2022,강원도,강원도 화천군,87,4,161,4.6,11,69,7,0,0,24,0,3,35,19,0,6
2022,강원도,강원도 횡성군,152,10,253,6.58,19,127,6,0,0,20,4,13,92,5,3,15
2022,경기도,경기도 가평군,400,3,675,0.75,61,312,27,0,0,39,24,43,238,17,6,33
2022,경기도,경기도 고양시,3588,37,5079,1.03,615,2816,157,0,0,110,479,338,2010,233,134,284
2022,경기도,경기도 과천시,208,4,354,1.92,24,172,12,0,0,4,20,49,114,6,6,9
2022,경기도,경기도 광명시,950,10,1300,1.05,166,728,56,0,0,23,152,124,523,46,29,53
2022,경기도,경기도 광주시,2178,12,3251,0.55,342,1752,84,0,0,150,177,274,1205,164,66,142
2022,경기도,경기도 구리시,716,2,1102,0.28,116,582,18,0,0,14,83,119,419,20,28,33
2022,경기도,경기도 군포시,593,9,867,1.52,150,410,33,0,0,12,75,28,387,12,34,45
2022,경기도,경기도 김포시,1933,11,2926,0.57,237,1615,81,0,0,75,268,129,1003,241,53,164
2022,경기도,경기도 남양주시,1970,24,2927,1.22,409,1498,63,0,0,94,278,242,1071,98,79,108
2022,경기도,경기도 동두천시,273,5,376,1.83,48,219,6,0,0,15,35,16,144,11,11,41
2022,경기도,경기도 부천시,3457,18,4695,0.52,746,2600,111,0,0,76,392,326,1841,360,116,346
2022,경기도,경기도 성남시,3599,27,5063,0.75,694,2789,116,0,0,80,526,560,1895,214,135,189
2022,경기도,경기도 수원시,4705,25,6569,0.53,922,3644,139,0,0,110,703,600,2517,267,132,376
2022,경기도,경기도 시흥시,2372,22,3493,0.93,317,1978,77,0,0,77,416,374,1135,107,54,209
2022,경기도,경기도 안산시,3685,22,5388,0.6,520,3067,98,0,0,129,526,474,1885,279,66,326
2022,경기도,경기도 안성시,896,17,1499,1.9,136,723,37,0,0,59,92,106,443,38,34,124
2022,경기도,경기도 안양시,1134,15,1616,1.32,237,836,61,0,0,22,185,212,507,82,36,90
2022,경기도,경기도 양주시,1123,14,1595,1.25,142,927,54,0,0,52,173,118,637,75,17,51
2022,경기도,경기도 양평군,490,15,751,3.06,87,381,22,0,0,55,20,12,332,38,20,13
2022,경기도,경기도 여주시,558,15,940,2.69,74,441,43,0,0,38,57,56,316,11,12,68
2022,경기도,경기도 연천군,178,8,283,4.49,24,141,13,0,0,12,17,22,98,13,1,15
2022,경기도,경기도 오산시,997,10,1418,1.0,153,813,31,0,0,37,131,54,618,83,33,41
2022,경기도,경기도 용인시,3562,32,5477,0.9,491,2970,101,0,0,124,392,366,2074,320,116,170
2022,경기도,경기도 의왕시,300,10,471,3.33,37,256,7,0,0,8,38,39,190,1,9,15
2022,경기도,경기도 의정부시,1683,13,2304,0.77,387,1243,53,0,0,52,226,141,1009,97,46,112
2022,경기도,경기도 이천시,1050,20,1607,1.9,163,856,31,0,0,54,134,83,568,86,31,94
2022,경기도,경기도 파주시,1673,27,2372,1.61,303,1278,92,0,0,79,239,79,1053,93,59,71
2022,경기도,경기도 평택시,3508,56,5246,1.6,556,2845,107,0,0,118,538,237,1853,222,89,451
2022,경기도,경기도 포천시,826,16,1336,1.94,122,670,34,0,0,66,79,90,500,18,13,60
2022,경기도,경기도 하남시,1133,5,1629,0.44,152,938,43,0,0,33,141,154,664,74,27,40
2022,경기도,경기도 화성시,3230,43,4768,1.33,431,2678,121,0,0,166,409,259,1814,253,91,238
2022,경상남도,경상남도 거제시,698,14,933,2.01,169,495,34,0,0,42,66,48,368,64,58,52
2022,경상남도,경상남도 거창군,228,10,305,4.39,31,167,30,0,0,13,23,9,120,16,12,35
2022,경상남도,경상남도 고성군,208,13,265,6.25,45,139,24,0,0,15,17,11,110,12,11,32
2022,경상남도,경상남도 김해시,1924,23,2660,1.2,356,1492,76,0,0,79,277,156,1095,95,82,140
2022,경상남도,경상남도 남해군,167,10,276,5.99,33,111,23,0,0,19,2,0,98,31,4,13
2022,경상남도,경상남도 밀양시,485,9,698,1.86,81,366,38,0,0,34,47,14,323,37,15,15
2022,경상남도,경상남도 사천시,592,8,921,1.35,100,460,32,0,0,31,55,22,354,52,20,58
2022,경상남도,경상남도 산청군,151,8,237,5.3,25,95,31,0,0,12,16,7,93,10,3,10
2022,경상남도,경상남도 양산시,1232,18,1608,1.46,188,996,48,0,0,61,150,114,696,95,40,76
2022,경상남도,경상남도 의령군,112,6,130,5.36,20,71,21,0,0,10,6,1,66,18,3,8
2022,경상남도,경상남도 진주시,568,25,684,4.4,185,360,23,0,0,43,78,17,330,20,58,22
2022,경상남도,경상남도 창녕군,227,9,328,3.96,28,179,20,0,0,11,22,6,157,6,3,22
2022,경상남도,경상남도 창원시,2649,61,3510,2.3,604,1928,117,0,0,82,354,150,1636,128,131,168
2022,경상남도,경상남도 통영시,630,7,915,1.11,130,457,43,0,0,32,47,65,363,34,29,60
2022,경상남도,경상남도 하동군,127,9,188,7.09,23,90,14,0,0,22,13,3,76,3,3,7
2022,경상남도,경상남도 함안군,266,9,378,3.38,31,208,27,0,0,19,20,10,159,27,7,24
2022,경상남도,경상남도 함양군,196,11,280,5.61,44,120,32,0,0,6,10,2,118,37,6,17
2022,경상남도,경상남도 합천군,151,8,229,5.3,25,93,33,0,0,12,8,1,101,19,2,8
2022,경상북도,경상북도 경산시,874,20,1202,2.29,208,650,16,0,0,38,108,52,482,61,65,68
2022,경상북도,경상북도 경주시,1206,35,1810,2.9,183,940,83,0,0,85,112,27,886,3,33,60
2022,경상북도,경상북도 고령군,154,11,222,7.14,19,110,25,0,0,17,5,2,113,11,2,4
2022,경상북도,경상북도 구미시,1652,29,2338,1.76,241,1342,69,0,0,88,164,99,980,142,40,139
2022,경상북도,경상북도 군위군(구),93,4,165,4.3,5,76,12,0,0,14,11,1,62,3,0,2
2022,경상북도,경상북도 김천시,428,17,603,3.97,71,326,31,0,0,25,33,23,231,55,16,45
2022,경상북도,경상북도 문경시,279,6,442,2.15,35,221,22,1,0,10,11,12,192,9,5,40
2022,경상북도,경상북도 봉화군,99,6,134,6.06,14,75,10,0,0,13,6,2,60,7,1,10
2022,경상북도,경상북도 상주시,445,23,654,5.17,52,351,42,0,0,25,24,32,262,52,13,37
2022,경상북도,경상북도 성주군,278,13,410,4.68,40,193,45,0,0,21,17,5,205,5,3,22
2022,경상북도,경상북도 안동시,727,26,1086,3.58,138,539,50,0,0,52,72,51,418,39,34,61
2022,경상북도,경상북도 영덕군,220,10,350,4.55,30,161,29,0,0,17,7,23,127,13,1,32
2022,경상북도,경상북도 영양군,47,3,66,6.38,10,31,6,0,0,5,1,6,24,1,3,7
2022,경상북도,경상북도 영주시,414,17,538,4.11,73,324,17,0,0,21,22,3,245,66,28,29
2022,경상북도,경상북도 영천시,413,20,613,4.84,77,301,34,1,0,27,28,9,303,9,15,22
2022,경상북도,경상북도 예천군,155,8,197,5.16,20,120,15,0,0,10,16,4,98,1,2,24
2022,경상북도,경상북도 울릉군,15,0,23,0.0,6,7,2,0,0,0,2,0,12,0,0,1
2022,경상북도,경상북도 울진군,144,10,244,6.94,25,98,21,0,0,18,1,9,71,9,1,35
2022,경상북도,경상북도 의성군,223,9,305,4.04,39,149,35,0,0,18,12,3,148,3,3,36
2022,경상북도,경상북도 청도군,199,6,282,3.02,31,152,16,0,0,21,9,19,107,20,3,20
2022,경상북도,경상북도 청송군,93,2,132,2.15,12,63,18,0,0,13,1,4,62,4,0,9
2022,경상북도,경상북도 칠곡군,676,7,1073,1.04,76,551,49,0,0,21,41,64,375,56,15,104
2022,경상북도,경상북도 포항시,2203,27,3300,1.23,384,1722,97,0,0,111,233,158,1216,157,67,261
2022,광주광역시,광주광역시 광산구,2077,20,3164,0.96,300,1715,62,0,0,72,236,303,1037,159,51,219
2022,광주광역시,광주광역시 남구,661,3,912,0.45,134,516,11,0,0,17,63,102,379,59,17,24
2022,광주광역시,광주광역시 동구,571,6,831,1.05,149,397,25,0,0,15,69,88,289,27,15,68
2022,광주광역시,광주광역시 북구,2113,18,3201,0.85,394,1662,57,0,0,76,211,213,1235,162,64,152
2022,광주광역시,광주광역시 서구,1700,11,2614,0.65,260,1392,48,0,0,50,164,223,1026,105,56,76
2022,대구광역시,대구광역시 남구,643,3,898,0.47,122,501,20,0,0,29,67,49,365,35,22,76
2022,대구광역시,대구광역시 달서구,2558,15,3535,0.59,522,1985,51,0,0,54,241,350,1344,180,115,274
2022,대구광역시,대구광역시 달성군,837,10,1202,1.19,129,677,31,0,0,29,58,20,608,20,24,78
2022,대구광역시,대구광역시 동구,1522,8,2196,0.53,270,1194,58,0,0,45,122,230,871,76,50,128
2022,대구광역시,대구광역시 북구,1875,15,2661,0.8,299,1513,63,0,0,40,182,248,967,187,71,180
2022,대구광역시,대구광역시 서구,942,6,1313,0.64,179,729,34,0,0,19,88,125,548,32,17,113
2022,대구광역시,대구광역시 수성구,2005,8,2891,0.4,350,1608,47,0,0,30,179,241,1296,65,78,116
2022,대구광역시,대구광역시 중구,720,3,1025,0.42,227,467,26,0,0,14,62,105,428,27,27,57
2022,대전광역시,대전광역시 대덕구,923,10,1301,1.08,151,750,22,0,0,13,119,94,521,89,39,48
2022,대전광역시,대전광역시 동구,947,14,1369,1.48,201,726,20,0,0,30,135,89,535,40,56,62
2022,대전광역시,대전광역시 서구,2302,9,3239,0.39,469,1783,50,0,0,52,340,228,1405,81,78,118
2022,대전광역시,대전광역시 유성구,1645,13,2472,0.79,200,1411,34,0,0,32,278,212,947,75,44,57
2022,대전광역시,대전광역시 중구,1024,5,1469,0.49,228,750,46,0,0,33,129,128,545,57,60,72
2022,부산광역시,부산광역시 강서구,765,18,1100,2.35,59,682,24,0,0,28,132,93,428,25,13,46
2022,부산광역시,부산광역시 금정구,816,11,1105,1.35,248,543,25,0,0,20,80,90,399,65,60,102
2022,부산광역시,부산광역시 기장군,475,10,728,2.11,94,375,6,0,0,17,56,46,276,20,31,29
2022,부산광역시,부산광역시 남구,711,10,896,1.41,193,490,28,0,0,15,62,78,457,21,37,41
2022,부산광역시,부산광역시 동구,539,4,802,0.74,144,377,18,0,0,13,65,84,236,60,41,40
2022,부산광역시,부산광역시 동래구,819,7,1053,0.85,232,563,24,0,0,29,80,68,471,40,64,67
2022,부산광역시,부산광역시 부산진구,1535,10,2116,0.65,405,1080,50,0,0,37,235,227,758,68,89,121
2022,부산광역시,부산광역시 북구,447,4,605,0.89,111,329,7,0,0,20,55,64,224,22,23,39
2022,부산광역시,부산광역시 사상구,579,10,727,1.73,154,411,14,0,0,14,72,79,326,25,30,33
2022,부산광역시,부산광역시 사하구,916,7,1213,0.76,194,686,36,0,0,29,117,114,491,61,34,70
2022,부산광역시,부산광역시 서구,445,4,642,0.9,104,323,18,0,0,23,61,51,215,30,18,47
2022,부산광역시,부산광역시 수영구,717,3,953,0.42,195,509,13,0,0,17,71,70,425,45,30,59
2022,부산광역시,부산광역시 연제구,646,4,850,0.62,148,484,14,0,0,22,89,64,302,66,33,70
2022,부산광역시,부산광역시 영도구,298,2,412,0.67,101,181,16,0,0,6,17,18,186,24,22,25
2022,부산광역시,부산광역시 중구,357,3,479,0.84,115,226,16,0,0,12,55,20,195,33,7,35
2022,부산광역시,부산광역시 해운대구,817,6,1148,0.73,192,603,21,1,0,30,93,103,426,52,49,64
2022,서울특별시,서울특별시 강남구,3709,16,5052,0.43,771,2879,59,0,0,59,349,474,2369,138,102,218
2022,서울특별시,서울특별시 강동구,1151,7,1553,0.61,262,865,24,0,0,15,142,152,682,43,50,67
2022,서울특별시,서울특별시 강북구,1044,6,1266,0.57,321,676,47,0,0,22,96,137,605,26,46,112
2022,서울특별시,서울특별시 강서구,1606,15,2108,0.93,386,1178,42,0,0,41,192,153,1001,41,57,121
2022,서울특별시,서울특별시 관악구,1172,9,1535,0.77,283,851,38,0,0,23,135,150,656,87,40,81
2022,서울특별시,서울특별시 광진구,708,9,966,1.27,167,528,13,0,0,30,76,58,446,27,21,50
2022,서울특별시,서울특별시 구로구,1274,12,1691,0.94,291,935,48,0,0,32,140,154,748,49,40,111
2022,서울특별시,서울특별시 금천구,844,9,1152,1.07,208,603,33,0,0,29,96,98,527,5,26,63
2022,서울특별시,서울특별시 노원구,1384,6,1913,0.43,310,1030,44,0,0,37,159,190,780,44,68,106
2022,서울특별시,서울특별시 도봉구,522,2,705,0.38,159,343,20,0,0,14,69,30,316,20,18,55
2022,서울특별시,서울특별시 동대문구,1534,12,1843,0.78,415,1070,49,0,0,33,177,222,852,36,61,153
2022,서울특별시,서울특별시 동작구,1217,7,1651,0.58,302,862,53,0,0,25,145,200,680,47,38,82
2022,서울특별시,서울특별시 마포구,1065,10,1483,0.94,238,809,18,0,0,29,134,101,697,15,29,60
2022,서울특별시,서울특별시 서대문구,974,5,1303,0.51,255,658,61,0,0,17,125,110,524,65,46,87
2022,서울특별시,서울특별시 서초구,2264,8,3391,0.35,431,1791,42,0,0,25,203,338,1466,22,65,145
2022,서울특별시,서울특별시 성동구,948,8,1222,0.84,210,713,25,0,0,18,116,133,538,48,38,57
2022,서울특별시,서울특별시 성북구,1288,8,1626,0.62,297,946,45,0,0,38,137,191,715,38,58,111
2022,서울특별시,서울특별시 송파구,2581,9,3594,0.35,521,2012,48,0,0,60,308,332,1549,56,76,200
2022,서울특별시,서울특별시 양천구,1165,8,1529,0.69,260,877,28,0,0,18,133,206,624,29,55,100
2022,서울특별시,서울특별시 영등포구,1998,20,2707,1.0,384,1545,69,0,0,57,211,271,1228,20,69,142
2022,서울특별시,서울특별시 용산구,1014,11,1330,1.08,220,764,30,0,0,37,102,208,533,17,37,80
2022,서울특별시,서울특별시 은평구,918,9,1256,0.98,272,615,31,0,0,23,129,46,564,34,37,85
2022,서울특별시,서울특별시 종로구,974,3,1351,0.31,270,651,53,0,0,19,135,124,555,34,41,66
2022,서울특별시,서울특별시 중구,943,2,1212,0.21,221,691,31,0,0,19,113,202,497,17,41,54
2022,서울특별시,서울특별시 중랑구,1401,10,1890,0.71,353,1006,42,0,0,30,161,167,681,123,59,180
2022,세종특별자치시,세종특별자치시,932,17,1330,1.82,167,724,41,0,0,30,138,94,513,45,38,74
2022,울산광역시,울산광역시 남구,1094,5,1423,0.46,250,818,26,0,0,48,161,148,537,75,46,79
2022,울산광역시,울산광역시 동구,501,2,622,0.4,131,350,20,0,0,12,58,48,266,14,28,75
2022,울산광역시,울산광역시 북구,802,10,1247,1.25,114,644,44,0,0,29,103,107,430,41,26,66
2022,울산광역시,울산광역시 울주군,660,11,1005,1.67,113,491,56,0,0,62,61,99,308,36,22,72
2022,울산광역시,울산광역시 중구,603,4,880,0.66,144,443,16,0,0,16,95,51,341,25,34,41
2022,인천광역시,인천광역시 강화군,198,10,273,5.05,31,161,6,0,0,42,10,8,102,21,1,14
2022,인천광역시,인천광역시 계양구,613,7,856,1.14,102,495,16,0,0,14,51,47,435,14,22,30
2022,인천광역시,인천광역시 남동구,1563,15,2231,0.96,272,1257,34,0,0,28,232,184,830,105,59,125
2022,인천광역시,인천광역시 동구,113,0,158,0.0,25,85,3,0,0,1,14,10,71,4,7,6
2022,인천광역시,인천광역시 미추홀구,1250,15,1670,1.2,298,934,18,0,0,40,125,130,798,66,33,58
2022,인천광역시,인천광역시 부평구,1239,13,1561,1.05,322,885,32,0,0,29,130,84,854,19,33,90
2022,인천광역시,인천광역시 서구,1587,16,2206,1.01,291,1263,33,0,0,55,196,100,1067,45,44,80
2022,인천광역시,인천광역시 연수구,644,5,870,0.78,95,531,18,0,0,32,86,60,380,31,11,44
2022,인천광역시,인천광역시 옹진군,26,3,41,11.54,6,15,5,0,0,4,0,1,17,1,0,3
2022,인천광역시,인천광역시 중구,462,11,667,2.38,89,357,16,0,0,22,43,50,270,13,23,41
2022,전라남도,전라남도 강진군,244,5,401,2.05,36,166,42,0,0,31,3,10,132,11,1,56
2022,전라남도,전라남도 고흥군,255,9,380,3.53,43,174,38,0,0,16,8,2,178,17,0,34
2022,전라남도,전라남도 곡성군,102,6,161,5.88,17,77,8,0,0,10,5,2,60,2,1,22
2022,전라남도,전라남도 광양시,584,17,802,2.91,70,481,33,0,0,20,83,63,245,87,13,73
2022,전라남도,전라남도 구례군,113,2,168,1.77,23,67,23,0,0,6,0,2,65,12,1,27
2022,전라남도,전라남도 나주시,403,9,638,2.23,65,306,32,0,0,30,60,22,237,16,10,28
2022,전라남도,전라남도 담양군,302,9,498,2.98,43,223,36,0,0,21,19,22,182,3,2,53
2022,전라남도,전라남도 목포시,1373,17,2180,1.24,246,1103,24,0,0,53,203,45,836,92,37,107
2022,전라남도,전라남도 무안군,280,11,397,3.93,43,229,8,0,0,21,38,7,197,4,6,7
2022,전라남도,전라남도 보성군,154,5,225,3.25,17,104,32,1,0,16,4,8,82,10,6,28
2022,전라남도,전라남도 순천시,1154,23,1741,1.99,165,933,56,0,0,57,86,90,656,68,27,170
2022,전라남도,전라남도 신안군,97,8,171,8.25,13,64,20,0,0,14,0,1,68,7,0,7
2022,전라남도,전라남도 여수시,1384,13,1924,0.94,257,1077,50,0,0,48,134,66,881,143,38,74
2022,전라남도,전라남도 영광군,123,6,157,4.88,35,80,8,0,0,6,4,1,78,13,2,19
2022,전라남도,전라남도 영암군,391,14,668,3.58,35,315,41,0,0,24,46,40,202,23,4,52
2022,전라남도,전라남도 완도군,153,9,228,5.88,26,111,16,0,0,13,7,4,96,12,3,18
2022,전라남도,전라남도 장성군,192,6,312,3.13,23,149,20,0,0,9,18,5,140,6,3,11
2022,전라남도,전라남도 장흥군,241,3,400,1.24,44,149,48,0,0,18,12,25,146,17,1,22
2022,전라남도,전라남도 진도군,75,7,85,9.33,21,50,4,0,0,14,3,3,39,13,0,3
2022,전라남도,전라남도 함평군,152,7,244,4.61,22,109,21,0,0,6,4,7,87,17,1,30
2022,전라남도,전라남도 해남군,300,12,423,4.0,47,226,27,0,0,23,10,6,175,34,6,46
2022,전라남도,전라남도 화순군,263,3,408,1.14,37,196,30,0,0,17,22,21,126,31,11,35
2022,전라북도,전라북도 고창군,96,13,114,13.54,24,61,11,0,0,12,11,7,44,10,4,8
2022,전라북도,전라북도 군산시,1167,25,1654,2.14,238,887,42,0,0,54,177,58,659,38,52,129
2022,전라북도,전라북도 김제시,253,8,374,3.16,58,188,7,0,0,29,35,16,124,7,13,29
2022,전라북도,전라북도 남원시,278,14,386,5.04,45,213,20,0,0,26,29,17,127,21,10,48
2022,전라북도,전라북도 무주군,92,8,143,8.7,16,65,11,0,0,15,9,3,54,2,0,9
2022,전라북도,전라북도 부안군,140,10,190,7.14,32,95,13,0,0,22,4,7,69,11,12,15
2022,전라북도,전라북도 순창군,103,12,145,11.65,17,62,24,0,0,7,7,1,74,5,1,8
2022,전라북도,전라북도 완주군,218,20,311,9.17,33,174,11,0,0,23,39,16,103,8,12,17
2022,전라북도,전라북도 익산시,826,25,1185,3.03,171,635,20,0,0,44,114,32,431,44,46,115
2022,전라북도,전라북도 임실군,79,4,116,5.06,14,54,11,0,0,6,1,6,50,10,0,6
2022,전라북도,전라북도 장수군,40,4,52,10.0,11,25,4,0,0,4,2,0,21,8,3,2
2022,전라북도,전라북도 전주시,1918,26,2720,1.36,437,1445,36,0,0,91,362,110,1006,53,135,161
2022,전라북도,전라북도 정읍시,409,18,606,4.4,82,310,17,0,0,29,78,17,172,11,30,72
2022,전라북도,전라북도 진안군,62,7,95,11.29,17,33,12,0,0,9,0,2,38,0,2,11
2022,제주도,제주도 서귀포시,1249,14,1899,1.12,174,950,125,0,0,56,80,107,655,36,35,280
2022,제주도,제주도 제주시,2790,39,4122,1.4,574,2076,140,0,0,117,230,309,1413,179,181,361
2022,충청남도,충청남도 계룡시,47,2,72,4.26,9,33,5,0,0,5,5,1,20,4,4,8
2022,충청남도,충청남도 공주시,445,13,730,2.92,66,343,36,0,0,37,50,18,263,27,13,37
2022,충청남도,충청남도 금산군,137,6,183,4.38,44,83,10,0,0,6,10,2,89,15,8,7
2022,충청남도,충청남도 논산시,347,18,524,5.19,72,253,22,0,0,35,34,21,167,31,17,42
2022,충청남도,충청남도 당진시,529,20,762,3.78,87,424,18,0,0,32,47,48,315,44,19,24
2022,충청남도,충청남도 보령시,331,20,486,6.04,87,228,16,0,0,35,29,4,177,5,23,58
2022,충청남도,충청남도 부여군,198,9,290,4.55,43,133,22,0,0,29,9,6,104,14,15,21
2022,충청남도,충청남도 서산시,615,13,912,2.11,142,452,21,0,0,29,50,47,327,53,35,74
2022,충청남도,충청남도 서천군,274,9,397,3.28,62,174,38,0,0,19,20,12,164,7,9,43
2022,충청남도,충청남도 아산시,1267,21,1871,1.66,205,1026,36,0,0,68,169,28,828,48,56,70
2022,충청남도,충청남도 예산군,343,18,550,5.25,40,263,40,0,0,26,31,21,182,17,6,60
2022,충청남도,충청남도 천안시,2937,47,4157,1.6,497,2360,80,0,0,119,305,262,1707,182,86,276
2022,충청남도,충청남도 청양군,185,6,276,3.24,17,125,43,0,0,11,11,1,115,6,0,41
2022,충청남도,충청남도 태안군,267,8,436,3.0,55,193,19,0,0,29,26,9,145,26,8,24
2022,충청남도,충청남도 홍성군,242,20,318,8.26,46,190,6,0,0,19,41,6,152,6,10,8
2022,충청북도,충청북도 괴산군,188,9,297,4.79,20,140,28,0,0,17,12,12,93,9,0,45
2022,충청북도,충청북도 단양군,147,5,235,3.4,20,102,25,0,0,13,7,6,93,0,5,23
2022,충청북도,충청북도 보은군,134,4,217,2.99,21,104,9,0,0,12,10,7,61,36,2,6
2022,충청북도,충청북도 영동군,133,8,187,6.02,23,98,12,0,0,21,4,2,79,3,4,20
2022,충청북도,충청북도 옥천군,120,5,160,4.17,31,78,11,0,0,13,4,2,86,2,7,6
2022,충청북도,충청북도 음성군,537,12,820,2.23,64,436,37,0,0,46,60,41,262,81,12,35
2022,충청북도,충청북도 제천시,701,16,1158,2.28,115,551,35,0,0,28,83,103,302,24,27,134
2022,충청북도,충청북도 증평군,152,3,207,1.97,30,117,5,0,0,3,26,17,70,3,4,29
2022,충청북도,충청북도 진천군,440,7,666,1.59,49,372,19,0,0,22,40,41,250,42,12,33
2022,충청북도,충청북도 청주시,4039,52,5846,1.29,599,3314,126,0,0,139,502,326,2277,381,114,300
2022,충청북도,충청북도 충주시,1053,28,1561,2.66,146,871,36,0,0,61,122,173,450,62,34,151
2023,강원도,강원도 강릉시,758,19,1057,2.51,171,566,21,0,0,41,82,2,568,2,43,20
2023,강원도,강원도 고성군,111,2,156,1.8,11,98,2,0,0,9,11,15,63,8,0,5
2023,강원도,강원도 동해시,315,2,441,0.63,74,235,6,0,0,15,26,12,190,34,26,12
2023,강원도,강원도 삼척시,200,9,273,4.5,43,144,13,0,0,14,11,13,127,8,7,20
2023,강원도,강원도 속초시,362,5,583,1.38,67,290,5,0,0,20,53,35,158,57,9,30
2023,강원도,강원도 양구군,93,3,170,3.23,15,69,9,0,0,12,1,9,38,16,2,15
2023,강원도,강원도 양양군,162,3,257,1.85,28,130,4,0,0,5,17,10,87,24,3,16
2023,강원도,강원도 영월군,151,8,257,5.3,25,109,17,0,0,13,4,10,79,16,6,23
2023,강원도,강원도 원주시,1423,21,2076,1.48,227,1170,26,0,0,53,215,147,714,101,56,137
2023,강원도,강원도 인제군,107,5,191,4.67,18,83,6,0,0,25,4,5,67,0,1,5
2023,강원도,강원도 정선군,165,7,270,4.24,24,124,17,0,0,17,5,17,101,10,1,14
2023,강원도,강원도 철원군,117,3,178,2.56,24,85,8,0,0,18,7,1,70,6,3,12
2023,강원도,강원도 춘천시,1251,15,1886,1.2,233,971,47,0,0,72,157,158,598,115,56,95
2023,강원도,강원도 태백시,200,1,323,0.5,44,150,6,0,0,9,8,30,95,16,13,29
2023,강원도,강원도 평창군,176,13,374,7.39,15,138,23,0,0,24,11,13,91,11,1,25
2023,강원도,강원도 홍천군,225,9,466,4.0,37,170,18,0,0,24,5,21,111,17,7,40
2023,강원도,강원도 화천군,86,0,137,0.0,6,75,5,0,0,21,0,5,44,8,0,8
2023,강원도,강원도 횡성군,177,15,259,8.47,30,135,12,0,0,15,4,6,132,10,3,7
2023,경기도,경기도 가평군,357,10,593,2.8,52,284,21,0,0,37,22,31,212,19,6,30
2023,경기도,경기도 고양시,3603,26,5296,0.72,571,2869,163,0,0,106,513,389,1989,221,106,279
2023,경기도,경기도 과천시,151,2,211,1.32,18,130,3,0,0,5,9,51,59,7,7,13
2023,경기도,경기도 광명시,1047,7,1467,0.67,194,794,59,0,0,19,145,180,549,54,35,65
2023,경기도,경기도 광주시,2129,18,3233,0.85,336,1706,87,0,0,138,173,253,1170,190,84,121
2023,경기도,경기도 구리시,702,8,1036,1.14,119,562,21,0,0,3,93,104,420,15,21,46
2023,경기도,경기도 군포시,488,5,704,1.02,113,343,32,0,0,6,65,42,276,20,27,52
2023,경기도,경기도 김포시,1796,13,2679,0.72,260,1454,82,0,0,74,248,113,1018,146,63,134
2023,경기도,경기도 남양주시,1942,21,2920,1.08,353,1530,59,0,0,93,283,218,1079,85,62,122
2023,경기도,경기도 동두천시,314,5,412,1.59,58,242,14,0,0,9,37,29,174,11,10,44
2023,경기도,경기도 부천시,3478,20,4618,0.58,766,2576,136,0,0,67,421,413,1716,358,147,356
2023,경기도,경기도 성남시,3838,20,5678,0.52,631,3056,151,0,0,68,542,654,1991,229,110,244
2023,경기도,경기도 수원시,4744,30,6688,0.63,889,3710,145,0,0,106,630,663,2609,232,122,382
2023,경기도,경기도 시흥시,2177,23,3329,1.06,263,1846,68,0,0,71,370,418,921,126,45,226
2023,경기도,경기도 안산시,3733,19,5405,0.51,523,3104,106,0,0,117,554,511,1900,257,85,309
2023,경기도,경기도 안성시,1068,19,1722,1.78,126,892,50,0,0,48,114,135,505,79,34,153
2023,경기도,경기도 안양시,1263,18,1794,1.43,235,958,70,0,0,29,251,238,520,74,33,118
2023,경기도,경기도 양주시,1227,10,1709,0.81,137,1021,69,0,0,60,174,161,690,63,17,62
2023,경기도,경기도 양평군,504,9,840,1.79,68,415,21,0,0,51,27,12,362,33,7,12
2023,경기도,경기도 여주시,520,12,921,2.31,70,427,23,0,0,29,53,61,291,18,13,55
2023,경기도,경기도 연천군,176,6,249,3.41,24,144,8,0,0,14,10,18,84,13,5,32
2023,경기도,경기도 오산시,998,6,1440,0.6,174,786,38,0,0,23,141,53,617,75,34,55
2023,경기도,경기도 용인시,3611,33,5565,0.91,503,2983,125,0,0,119,337,400,2192,258,104,201
2023,경기도,경기도 의왕시,364,4,567,1.1,52,293,19,0,0,13,42,55,215,10,9,20
2023,경기도,경기도 의정부시,1529,12,2137,0.78,313,1137,79,0,0,36,214,190,868,63,38,120
2023,경기도,경기도 이천시,987,30,1507,3.04,143,803,41,0,0,54,131,89,541,73,26,73
2023,경기도,경기도 파주시,1730,20,2459,1.16,304,1331,95,0,0,78,230,160,1049,50,49,114
2023,경기도,경기도 평택시,3479,39,5132,1.12,510,2851,118,0,0,133,512,311,1846,240,86,351
2023,경기도,경기도 포천시,652,15,1112,2.3,75,551,26,0,0,43,66,65,380,32,21,45
2023,경기도,경기도 하남시,1205,9,1738,0.75,161,999,45,0,0,19,157,179,641,125,29,55
2023,경기도,경기도 화성시,3352,33,5073,0.98,444,2748,160,0,0,154,471,354,1815,215,78,265
2023,경상남도,경상남도 거제시,709,15,967,2.12,159,500,50,0,0,48,92,60,361,55,39,54
2023,경상남도,경상남도 거창군,222,10,278,4.5,42,151,29,0,0,19,16,8,114,21,6,38
2023,경상남도,경상남도 고성군,192,4,271,2.08,42,127,23,0,0,20,13,6,100,15,10,28
2023,경상남도,경상남도 김해시,1968,17,2801,0.86,361,1534,73,0,0,81,277,233,1046,114,82,135
2023,경상남도,경상남도 남해군,148,6,211,4.05,36,85,27,0,0,12,2,2,114,12,5,1
2023,경상남도,경상남도 밀양시,455,8,693,1.76,71,345,39,0,0,33,39,16,275,60,23,9
2023,경상남도,경상남도 사천시,551,17,772,3.09,104,426,21,0,0,19,55,44,300,51,24,58
2023,경상남도,경상남도 산청군,200,10,294,5.0,30,132,38,0,0,21,11,14,115,15,4,20
2023,경상남도,경상남도 양산시,1304,17,1757,1.3,190,1060,54,0,0,52,191,163,657,109,54,78
2023,경상남도,경상남도 의령군,102,1,151,0.98,16,68,18,0,0,3,7,3,70,4,1,14
2023,경상남도,경상남도 진주시,662,21,865,3.17,177,455,30,0,0,53,115,43,306,31,58,56
2023,경상남도,경상남도 창녕군,227,16,308,7.05,37,174,16,0,0,19,18,5,149,4,3,29
2023,경상남도,경상남도 창원시,2980,48,4003,1.61,688,2157,135,0,0,103,379,204,1761,145,168,220
2023,경상남도,경상남도 통영시,654,4,974,0.61,142,464,48,0,0,37,73,85,342,25,29,63
2023,경상남도,경상남도 하동군,118,9,153,7.63,37,70,11,0,0,10,7,3,88,2,2,6
2023,경상남도,경상남도 함안군,271,9,404,3.32,39,212,20,0,0,25,25,22,156,17,9,17
2023,경상남도,경상남도 함양군,190,14,287,7.37,35,113,42,0,0,26,9,2,114,22,10,7
2023,경상남도,경상남도 합천군,169,11,209,6.51,31,96,42,0,0,13,9,2,112,18,5,10
2023,경상북도,경상북도 경산시,813,12,1096,1.48,201,593,19,0,0,45,122,71,438,34,48,55
2023,경상북도,경상북도 경주시,1176,42,1670,3.57,217,880,79,0,0,84,106,66,813,8,42,57
2023,경상북도,경상북도 고령군,114,6,151,5.26,22,85,7,0,0,9,0,8,83,5,2,7
2023,경상북도,경상북도 구미시,1453,22,1995,1.51,237,1139,77,0,0,49,157,117,823,104,58,145
2023,경상북도,경상북도 군위군(구),49,3,64,6.12,8,31,10,0,0,5,3,0,36,3,0,2
2023,경상북도,경상북도 김천시,376,10,500,2.66,85,262,29,0,0,13,28,24,203,55,24,29
2023,경상북도,경상북도 문경시,296,8,418,2.7,50,223,23,0,0,23,10,21,170,12,8,52
2023,경상북도,경상북도 봉화군,121,8,175,6.61,20,79,22,0,0,15,4,3,89,2,0,8
2023,경상북도,경상북도 상주시,432,18,607,4.17,68,327,36,1,0,21,22,34,248,47,7,53
2023,경상북도,경상북도 성주군,224,10,347,4.46,27,165,32,0,0,16,14,4,156,1,2,31
2023,경상북도,경상북도 안동시,722,17,1144,2.35,143,508,71,0,0,38,54,70,407,41,44,68
2023,경상북도,경상북도 영덕군,237,8,386,3.38,32,171,34,0,0,16,8,35,115,16,1,46
2023,경상북도,경상북도 영양군,62,8,84,12.9,11,39,12,0,0,6,2,2,34,0,1,17
2023,경상북도,경상북도 영주시,290,10,391,3.45,58,219,13,0,0,11,17,3,170,61,10,18
2023,경상북도,경상북도 영천시,461,20,698,4.34,90,337,34,0,0,30,39,10,341,4,18,19
2023,경상북도,경상북도 예천군,137,3,186,2.19,27,93,17,0,0,13,12,2,95,3,4,8
2023,경상북도,경상북도 울릉군,18,1,20,5.56,9,9,0,0,0,1,1,0,16,0,0,0
2023,경상북도,경상북도 울진군,175,5,263,2.86,33,111,31,0,0,18,8,1,95,18,3,32
2023,경상북도,경상북도 의성군,218,2,314,0.92,32,152,34,0,0,29,23,0,129,2,0,35
2023,경상북도,경상북도 청도군,189,8,273,4.23,25,140,24,0,0,21,10,11,111,19,8,9
2023,경상북도,경상북도 청송군,113,6,175,5.31,20,77,16,0,0,21,0,1,80,1,2,8
2023,경상북도,경상북도 칠곡군,547,13,810,2.38,53,467,27,0,0,22,36,42,319,43,11,74
2023,경상북도,경상북도 포항시,2554,23,3829,0.9,441,2039,74,0,0,122,290,146,1429,192,93,282
2023,광주광역시,광주광역시 광산구,1902,21,2842,1.1,276,1573,53,0,0,45,226,278,968,146,43,196
2023,광주광역시,광주광역시 남구,734,1,1014,0.14,146,560,28,0,0,25,65,127,381,60,38,38
2023,광주광역시,광주광역시 동구,485,5,674,1.03,123,342,20,0,0,14,69,72,267,15,13,35
2023,광주광역시,광주광역시 북구,2105,15,3200,0.71,408,1622,75,0,0,61,237,224,1197,172,64,150
2023,광주광역시,광주광역시 서구,1746,6,2760,0.34,240,1454,52,0,0,44,175,263,985,107,53,119
2023,대구광역시,대구광역시 군위군,66,7,102,10.61,7,48,11,0,0,3,3,1,52,3,1,3
2023,대구광역시,대구광역시 남구,493,2,671,0.41,127,354,12,0,0,14,63,37,311,7,23,38
2023,대구광역시,대구광역시 달서구,2323,13,3152,0.56,444,1824,55,0,0,28,232,329,1216,181,98,239
2023,대구광역시,대구광역시 달성군,861,12,1166,1.39,163,662,36,0,0,31,79,32,597,28,37,57
2023,대구광역시,대구광역시 동구,1587,16,2317,1.01,270,1257,60,0,0,34,134,249,868,110,54,138
2023,대구광역시,대구광역시 북구,1865,14,2614,0.75,329,1475,61,0,0,25,181,282,965,153,76,183
2023,대구광역시,대구광역시 서구,1014,7,1442,0.69,194,794,26,0,0,34,95,123,584,30,32,116
2023,대구광역시,대구광역시 수성구,1900,10,2791,0.53,330,1519,51,0,0,26,156,222,1201,79,78,138
2023,대구광역시,대구광역시 중구,771,5,1133,0.65,187,564,20,0,0,16,78,119,450,34,26,48
2023,대전광역시,대전광역시 대덕구,959,9,1421,0.94,149,781,29,0,0,27,108,122,538,73,33,58
2023,대전광역시,대전광역시 동구,1137,7,1624,0.62,225,884,28,0,0,34,165,101,662,39,55,81
2023,대전광역시,대전광역시 서구,2432,24,3376,0.99,538,1830,64,0,0,62,314,242,1479,117,113,105
2023,대전광역시,대전광역시 유성구,1771,14,2666,0.79,213,1523,35,0,0,34,277,274,975,89,53,69
2023,대전광역시,대전광역시 중구,1099,7,1542,0.64,202,869,28,0,0,19,172,153,543,84,39,89
2023,부산광역시,부산광역시 강서구,787,12,1128,1.52,61,700,26,0,0,25,143,101,460,21,14,23
2023,부산광역시,부산광역시 금정구,718,7,982,0.97,217,481,20,0,0,21,55,84,410,38,47,63
2023,부산광역시,부산광역시 기장군,562,5,881,0.89,103,442,17,0,0,25,72,66,301,28,25,45
2023,부산광역시,부산광역시 남구,805,8,1032,0.99,209,559,37,0,0,21,71,81,499,35,42,56
2023,부산광역시,부산광역시 동구,487,4,738,0.82,127,330,30,0,0,6,67,87,229,34,35,29
2023,부산광역시,부산광역시 동래구,975,10,1253,1.03,266,673,36,0,0,29,100,113,539,65,71,58
2023,부산광역시,부산광역시 부산진구,1392,8,1887,0.57,401,948,43,0,0,32,245,187,692,51,90,95
2023,부산광역시,부산광역시 북구,562,9,748,1.6,141,405,16,0,0,19,64,38,343,15,30,53
2023,부산광역시,부산광역시 사상구,649,9,891,1.39,160,470,19,0,0,20,90,89,360,22,31,37
2023,부산광역시,부산광역시 사하구,830,10,1018,1.2,177,630,23,0,0,43,127,84,447,35,39,55
2023,부산광역시,부산광역시 서구,440,3,616,0.68,124,299,17,0,0,17,51,45,256,15,19,37
2023,부산광역시,부산광역시 수영구,764,3,1015,0.39,196,550,18,0,0,18,83,64,469,52,41,37
2023,부산광역시,부산광역시 연제구,669,3,880,0.45,155,494,20,0,0,21,100,64,321,67,39,57
2023,부산광역시,부산광역시 영도구,248,4,329,1.61,89,150,9,0,0,9,17,9,166,21,9,17
2023,부산광역시,부산광역시 중구,320,1,466,0.31,90,216,14,0,0,10,57,28,157,28,11,29
2023,부산광역시,부산광역시 해운대구,795,7,1103,0.88,194,576,25,0,0,26,100,91,390,69,56,63
2023,서울특별시,서울특별시 강남구,3926,7,5229,0.18,801,3057,68,0,0,53,339,581,2525,109,118,201
2023,서울특별시,서울특별시 강동구,1185,4,1522,0.34,291,873,21,0,0,35,114,130,763,38,49,56
2023,서울특별시,서울특별시 강북구,972,5,1217,0.51,286,645,41,0,0,23,96,111,595,18,32,97
2023,서울특별시,서울특별시 강서구,1518,9,2112,0.59,330,1153,35,0,0,36,188,162,939,43,57,93
2023,서울특별시,서울특별시 관악구,980,10,1252,1.02,286,671,23,0,0,18,97,101,585,60,38,81
2023,서울특별시,서울특별시 광진구,717,4,899,0.56,186,517,14,0,0,8,79,61,479,14,20,56
2023,서울특별시,서울특별시 구로구,1359,5,1840,0.37,338,988,33,0,0,32,181,199,735,42,62,108
2023,서울특별시,서울특별시 금천구,876,7,1232,0.8,225,599,52,0,0,18,120,75,559,11,43,50
2023,서울특별시,서울특별시 노원구,1366,9,1869,0.66,269,1065,32,0,0,37,193,193,718,56,51,118
2023,서울특별시,서울특별시 도봉구,530,7,685,1.32,134,363,33,0,0,20,57,48,296,18,26,65
2023,서울특별시,서울특별시 동대문구,1674,10,2039,0.6,385,1242,47,0,0,28,173,256,920,63,61,173
2023,서울특별시,서울특별시 동작구,1242,6,1668,0.48,324,870,48,0,0,18,147,226,664,32,65,90
2023,서울특별시,서울특별시 마포구,1250,14,1715,1.12,272,959,19,0,0,25,131,132,844,17,42,59
2023,서울특별시,서울특별시 서대문구,916,4,1220,0.44,223,641,52,0,0,19,116,77,534,50,38,82
2023,서울특별시,서울특별시 서초구,2168,7,3319,0.32,366,1745,57,0,0,40,166,457,1206,24,87,188
2023,서울특별시,서울특별시 성동구,919,6,1221,0.65,216,687,16,0,0,31,94,164,505,39,40,46
2023,서울특별시,서울특별시 성북구,1256,8,1581,0.64,302,898,56,0,0,31,159,205,677,31,49,104
2023,서울특별시,서울특별시 송파구,2614,10,3603,0.38,530,2035,49,0,0,51,319,353,1567,70,71,183
2023,서울특별시,서울특별시 양천구,1221,5,1624,0.41,284,901,36,0,0,23,134,265,634,28,57,80
2023,서울특별시,서울특별시 영등포구,1900,7,2619,0.37,385,1442,73,0,0,30,224,344,1086,30,72,114
2023,서울특별시,서울특별시 용산구,996,11,1366,1.1,205,763,28,0,0,32,120,207,495,21,37,84
2023,서울특별시,서울특별시 은평구,1039,7,1353,0.67,320,670,49,0,0,19,155,97,574,41,38,115
2023,서울특별시,서울특별시 종로구,988,8,1331,0.81,256,676,56,0,0,21,124,156,552,40,31,64
2023,서울특별시,서울특별시 중구,931,3,1194,0.32,216,682,33,0,0,15,104,177,530,15,33,57
2023,서울특별시,서울특별시 중랑구,1268,7,1704,0.55,332,887,49,0,0,39,155,180,634,90,48,122
2023,세종특별자치시,세종특별자치시,1166,13,1724,1.11,153,958,55,0,0,55,175,166,572,65,32,101
2023,울산광역시,울산광역시 남구,1143,8,1491,0.7,256,856,31,0,0,28,198,194,568,60,55,40
2023,울산광역시,울산광역시 동구,436,4,527,0.92,119,305,12,0,0,22,54,35,216,27,35,47
2023,울산광역시,울산광역시 북구,737,7,1107,0.95,96,612,29,0,0,32,116,83,372,47,27,60
2023,울산광역시,울산광역시 울주군,729,15,1080,2.06,110,563,56,0,0,75,73,100,343,37,24,77
2023,울산광역시,울산광역시 중구,619,6,909,0.97,162,431,26,0,0,24,95,55,326,24,45,50
2023,인천광역시,인천광역시 강화군,158,9,234,5.7,31,112,15,0,0,25,4,4,85,23,6,11
2023,인천광역시,인천광역시 계양구,609,4,882,0.66,87,511,11,0,0,12,45,67,402,9,16,58
2023,인천광역시,인천광역시 남동구,1580,15,2194,0.95,281,1256,43,0,0,31,233,200,880,89,47,100
2023,인천광역시,인천광역시 동구,118,3,144,2.54,29,86,3,0,0,2,10,12,73,4,6,11
2023,인천광역시,인천광역시 미추홀구,1337,14,1741,1.05,281,1027,29,0,0,45,155,170,801,57,42,67
2023,인천광역시,인천광역시 부평구,1201,6,1508,0.5,296,869,36,0,0,28,132,62,831,31,45,72
2023,인천광역시,인천광역시 서구,1338,17,1883,1.27,211,1086,41,0,0,38,182,125,862,17,54,60
2023,인천광역시,인천광역시 연수구,668,9,878,1.35,115,534,19,0,0,20,113,80,336,35,27,57
2023,인천광역시,인천광역시 옹진군,26,1,32,3.85,7,14,5,0,0,1,0,1,21,2,0,1
2023,인천광역시,인천광역시 중구,613,5,851,0.82,105,487,21,0,0,13,70,62,375,34,19,40
2023,전라남도,전라남도 강진군,289,8,523,2.77,36,184,69,0,0,21,8,23,166,6,4,61
2023,전라남도,전라남도 고흥군,198,13,267,6.57,44,117,37,0,0,11,3,0,150,14,1,19
2023,전라남도,전라남도 곡성군,125,4,191,3.2,11,97,16,1,0,10,5,5,69,8,0,28
2023,전라남도,전라남도 광양시,632,11,958,1.74,91,510,31,0,0,31,68,69,272,82,20,90
2023,전라남도,전라남도 구례군,102,4,190,3.92,8,81,13,0,0,13,1,5,58,11,0,14
2023,전라남도,전라남도 나주시,530,17,941,3.21,58,421,51,0,0,21,48,40,329,29,11,52
2023,전라남도,전라남도 담양군,279,9,450,3.23,33,220,26,0,0,16,17,27,156,6,4,53
2023,전라남도,전라남도 목포시,1207,10,1840,0.83,192,999,16,0,0,37,157,94,674,109,35,101
2023,전라남도,전라남도 무안군,238,13,319,5.46,36,191,11,0,0,10,39,5,157,4,6,17
2023,전라남도,전라남도 보성군,183,10,270,5.46,26,121,36,0,0,11,6,6,113,6,1,40
2023,전라남도,전라남도 순천시,1133,18,1637,1.59,201,874,58,0,0,44,97,90,610,98,46,148
2023,전라남도,전라남도 신안군,104,9,168,8.65,19,74,11,0,0,31,0,2,56,8,1,6
2023,전라남도,전라남도 여수시,1305,19,1818,1.46,259,993,53,0,0,51,144,76,739,149,47,99
2023,전라남도,전라남도 영광군,134,4,195,2.99,36,87,11,0,0,13,3,9,72,16,8,13
2023,전라남도,전라남도 영암군,418,19,700,4.55,40,345,33,0,0,23,40,37,265,21,1,31
2023,전라남도,전라남도 완도군,146,8,189,5.48,38,97,11,0,0,13,4,2,99,16,2,10
2023,전라남도,전라남도 장성군,191,8,306,4.19,27,150,14,0,0,12,14,9,132,7,3,14
2023,전라남도,전라남도 장흥군,248,4,361,1.61,44,159,45,0,0,20,4,11,171,10,1,31
2023,전라남도,전라남도 진도군,114,10,158,8.77,26,73,15,0,0,16,5,8,65,9,1,10
2023,전라남도,전라남도 함평군,180,6,295,3.33,22,126,32,0,0,19,6,11,101,5,0,38
2023,전라남도,전라남도 해남군,263,11,378,4.18,35,212,16,0,0,29,13,13,149,21,3,35
2023,전라남도,전라남도 화순군,268,12,440,4.48,39,201,28,0,0,24,23,18,135,32,9,27
2023,전라북도,전라북도 고창군,149,14,188,9.4,28,110,11,0,0,8,26,5,69,21,10,10
2023,전라북도,전라북도 군산시,1183,18,1757,1.52,199,955,29,0,0,41,172,88,672,73,38,99
2023,전라북도,전라북도 김제시,261,14,427,5.36,57,189,15,0,0,25,27,6,132,8,9,54
2023,전라북도,전라북도 남원시,261,16,346,6.13,64,170,27,0,0,19,20,14,152,8,6,42
2023,전라북도,전라북도 무주군,79,4,134,5.06,10,62,7,0,0,6,6,3,49,2,1,12
2023,전라북도,전라북도 부안군,168,7,241,4.17,35,125,8,0,0,16,15,7,88,9,5,28
2023,전라북도,전라북도 순창군,95,3,132,3.16,14,67,14,0,0,8,5,1,64,6,2,9
2023,전라북도,전라북도 완주군,257,21,417,8.17,40,204,13,0,0,29,45,22,122,9,7,23
2023,전라북도,전라북도 익산시,826,16,1144,1.94,181,629,16,0,0,47,131,38,437,20,40,113
2023,전라북도,전라북도 임실군,75,6,118,8.0,10,54,11,0,0,7,4,6,40,10,2,6
2023,전라북도,전라북도 장수군,48,8,60,16.67,16,23,9,0,0,4,1,2,27,7,1,6
2023,전라북도,전라북도 전주시,1981,26,2870,1.31,452,1486,43,0,0,88,365,124,1069,51,137,147
2023,전라북도,전라북도 정읍시,350,12,559,3.43,80,258,12,0,0,31,65,11,151,18,26,48
2023,전라북도,전라북도 진안군,97,6,145,6.19,13,71,13,0,0,11,5,7,57,3,1,13
2023,제주도,제주도 서귀포시,1210,20,1910,1.65,179,884,147,0,0,76,84,101,619,43,47,240
2023,제주도,제주도 제주시,2740,25,3974,0.91,537,2049,154,0,0,104,241,350,1454,109,171,311
2023,충청남도,충청남도 계룡시,59,0,93,0.0,12,44,3,0,0,3,7,5,25,5,8,6
2023,충청남도,충청남도 공주시,439,22,644,5.01,81,329,29,0,0,31,40,22,263,27,22,34
2023,충청남도,충청남도 금산군,139,7,178,5.04,28,89,22,0,0,12,9,0,80,26,6,6
2023,충청남도,충청남도 논산시,298,9,465,3.02,55,225,18,0,0,17,34,11,155,22,14,45
2023,충청남도,충청남도 당진시,561,18,818,3.21,114,427,20,0,0,34,55,24,342,51,29,26
2023,충청남도,충청남도 보령시,279,8,418,2.87,82,179,18,0,0,25,27,7,162,3,24,31
2023,충청남도,충청남도 부여군,237,13,320,5.49,42,180,15,0,0,24,20,7,130,19,8,29
2023,충청남도,충청남도 서산시,683,23,995,3.37,137,517,29,0,0,41,73,55,366,42,30,76
2023,충청남도,충청남도 서천군,226,11,367,4.87,38,147,41,0,0,12,23,8,144,4,6,29
2023,충청남도,충청남도 아산시,1289,16,1881,1.24,199,1058,32,0,0,67,161,51,837,34,49,90
2023,충청남도,충청남도 예산군,374,10,531,2.67,73,270,31,0,0,21,37,18,213,16,12,57
2023,충청남도,충청남도 천안시,3403,37,4785,1.09,577,2725,101,0,0,153,393,355,1897,154,138,313
2023,충청남도,충청남도 청양군,165,9,232,5.45,17,102,46,0,0,6,7,4,109,3,2,34
2023,충청남도,충청남도 태안군,218,6,335,2.75,37,172,9,0,0,25,15,4,128,31,2,13
2023,충청남도,충청남도 홍성군,236,9,330,3.81,51,177,8,0,0,15,45,9,122,21,10,14
2023,충청북도,충청북도 괴산군,164,12,244,7.32,18,116,30,0,0,17,5,21,88,0,1,32
2023,충청북도,충청북도 단양군,100,5,160,5.0,16,75,9,0,0,10,5,6,68,5,0,6
2023,충청북도,충청북도 보은군,133,12,238,9.02,19,105,9,0,0,17,13,6,67,19,1,10
2023,충청북도,충청북도 영동군,134,7,165,5.22,27,97,10,0,0,11,5,5,69,7,6,31
2023,충청북도,충청북도 옥천군,147,12,222,8.16,20,107,20,0,0,9,9,6,103,15,3,2
2023,충청북도,충청북도 음성군,479,19,741,3.97,46,403,30,0,0,31,49,40,237,87,6,29
2023,충청북도,충청북도 제천시,737,11,1124,1.49,90,593,54,0,0,43,84,79,349,38,23,121
2023,충청북도,충청북도 증평군,206,3,294,1.46,47,147,12,0,0,8,30,23,101,4,7,33
2023,충청북도,충청북도 진천군,476,9,714,1.89,60,393,23,0,0,26,40,45,312,31,9,13
2023,충청북도,충청북도 청주시,4337,48,6273,1.11,623,3549,165,0,0,158,531,438,2471,341,135,263
2023,충청북도,충청북도 충주시,1026,16,1561,1.56,146,845,35,0,0,51,139,138,521,66,28,83
